
C:/Users/Breno Couto/Desktop/pwm_servo/pwm_servo/build/pwm_servo.elf:     file format elf32-littlearm

Sections:
Idx Name          Size      VMA       LMA       File off  Algn
  0 .boot2        00000100  10000000  10000000  00001000  2**0
                  CONTENTS, ALLOC, LOAD, READONLY, CODE
  1 .text         000017c8  10000100  10000100  00001100  2**3
                  CONTENTS, ALLOC, LOAD, READONLY, CODE
  2 .rodata       00000108  100018c8  100018c8  000028c8  2**2
                  CONTENTS, ALLOC, LOAD, READONLY, DATA
  3 .binary_info  00000020  100019d0  100019d0  000029d0  2**2
                  CONTENTS, ALLOC, LOAD, READONLY, DATA
  4 .ram_vector_table 000000c0  20000000  20000000  00004000  2**2
                  ALLOC
  5 .uninitialized_data 00000000  200000c0  200000c0  000031e8  2**0
                  CONTENTS
  6 .data         00000128  200000c0  100019f0  000030c0  2**4
                  CONTENTS, ALLOC, LOAD, READONLY, CODE
  7 .tdata        00000000  200001e8  200001e8  000031e8  2**0
                  CONTENTS, ALLOC, LOAD, DATA, THREAD_LOCAL
  8 .tbss         00000000  200001e8  200001e8  00000000  2**0
                  ALLOC, THREAD_LOCAL
  9 .bss          000003e8  200001e8  10001b18  000031e8  2**3
                  ALLOC
 10 .heap         00000800  200005d0  200005d0  000031e8  2**2
                  CONTENTS, READONLY
 11 .scratch_x    00000000  20040000  20040000  000039e8  2**0
                  CONTENTS
 12 .scratch_y    00000000  20041000  20041000  000039e8  2**0
                  CONTENTS
 13 .stack_dummy  00000800  20041000  20041000  00003a00  2**5
                  CONTENTS, READONLY
 14 .ARM.attributes 00000028  00000000  00000000  00004200  2**0
                  CONTENTS, READONLY
 15 .comment      00000045  00000000  00000000  00004228  2**0
                  CONTENTS, READONLY
 16 .debug_info   0001a986  00000000  00000000  0000426d  2**0
                  CONTENTS, READONLY, DEBUGGING, OCTETS
 17 .debug_abbrev 00004bd4  00000000  00000000  0001ebf3  2**0
                  CONTENTS, READONLY, DEBUGGING, OCTETS
 18 .debug_loclists 0000fd62  00000000  00000000  000237c7  2**0
                  CONTENTS, READONLY, DEBUGGING, OCTETS
 19 .debug_aranges 00000d80  00000000  00000000  00033530  2**3
                  CONTENTS, READONLY, DEBUGGING, OCTETS
 20 .debug_rnglists 0000298e  00000000  00000000  000342b0  2**0
                  CONTENTS, READONLY, DEBUGGING, OCTETS
 21 .debug_line   000152d3  00000000  00000000  00036c3e  2**0
                  CONTENTS, READONLY, DEBUGGING, OCTETS
 22 .debug_str    0000450b  00000000  00000000  0004bf11  2**0
                  CONTENTS, READONLY, DEBUGGING, OCTETS
 23 .debug_frame  000019f4  00000000  00000000  0005041c  2**2
                  CONTENTS, READONLY, DEBUGGING, OCTETS
 24 .debug_line_str 00000377  00000000  00000000  00051e10  2**0
                  CONTENTS, READONLY, DEBUGGING, OCTETS

C:/Users/Breno Couto/Desktop/pwm_servo/pwm_servo/build/pwm_servo.elf:     file format elf32-littlearm


Disassembly of section .boot2:

10000000 <__boot2_start__>:
10000000:	4b32b500 	.word	0x4b32b500
10000004:	60582021 	.word	0x60582021
10000008:	21026898 	.word	0x21026898
1000000c:	60984388 	.word	0x60984388
10000010:	611860d8 	.word	0x611860d8
10000014:	4b2e6158 	.word	0x4b2e6158
10000018:	60992100 	.word	0x60992100
1000001c:	61592102 	.word	0x61592102
10000020:	22f02101 	.word	0x22f02101
10000024:	492b5099 	.word	0x492b5099
10000028:	21016019 	.word	0x21016019
1000002c:	20356099 	.word	0x20356099
10000030:	f844f000 	.word	0xf844f000
10000034:	42902202 	.word	0x42902202
10000038:	2106d014 	.word	0x2106d014
1000003c:	f0006619 	.word	0xf0006619
10000040:	6e19f834 	.word	0x6e19f834
10000044:	66192101 	.word	0x66192101
10000048:	66182000 	.word	0x66182000
1000004c:	f000661a 	.word	0xf000661a
10000050:	6e19f82c 	.word	0x6e19f82c
10000054:	6e196e19 	.word	0x6e196e19
10000058:	f0002005 	.word	0xf0002005
1000005c:	2101f82f 	.word	0x2101f82f
10000060:	d1f94208 	.word	0xd1f94208
10000064:	60992100 	.word	0x60992100
10000068:	6019491b 	.word	0x6019491b
1000006c:	60592100 	.word	0x60592100
10000070:	481b491a 	.word	0x481b491a
10000074:	21016001 	.word	0x21016001
10000078:	21eb6099 	.word	0x21eb6099
1000007c:	21a06619 	.word	0x21a06619
10000080:	f0006619 	.word	0xf0006619
10000084:	2100f812 	.word	0x2100f812
10000088:	49166099 	.word	0x49166099
1000008c:	60014814 	.word	0x60014814
10000090:	60992101 	.word	0x60992101
10000094:	2800bc01 	.word	0x2800bc01
10000098:	4700d000 	.word	0x4700d000
1000009c:	49134812 	.word	0x49134812
100000a0:	c8036008 	.word	0xc8036008
100000a4:	8808f380 	.word	0x8808f380
100000a8:	b5034708 	.word	0xb5034708
100000ac:	20046a99 	.word	0x20046a99
100000b0:	d0fb4201 	.word	0xd0fb4201
100000b4:	42012001 	.word	0x42012001
100000b8:	bd03d1f8 	.word	0xbd03d1f8
100000bc:	6618b502 	.word	0x6618b502
100000c0:	f7ff6618 	.word	0xf7ff6618
100000c4:	6e18fff2 	.word	0x6e18fff2
100000c8:	bd026e18 	.word	0xbd026e18
100000cc:	40020000 	.word	0x40020000
100000d0:	18000000 	.word	0x18000000
100000d4:	00070000 	.word	0x00070000
100000d8:	005f0300 	.word	0x005f0300
100000dc:	00002221 	.word	0x00002221
100000e0:	180000f4 	.word	0x180000f4
100000e4:	a0002022 	.word	0xa0002022
100000e8:	10000100 	.word	0x10000100
100000ec:	e000ed08 	.word	0xe000ed08
	...
100000fc:	7a4eb274 	.word	0x7a4eb274

Disassembly of section .text:

10000100 <__VECTOR_TABLE>:
10000100:	20042000 	.word	0x20042000
10000104:	100001f7 	.word	0x100001f7
10000108:	100001c3 	.word	0x100001c3
1000010c:	100001c5 	.word	0x100001c5
10000110:	100001c1 	.word	0x100001c1
10000114:	100001c1 	.word	0x100001c1
10000118:	100001c1 	.word	0x100001c1
1000011c:	100001c1 	.word	0x100001c1
10000120:	100001c1 	.word	0x100001c1
10000124:	100001c1 	.word	0x100001c1
10000128:	100001c1 	.word	0x100001c1
1000012c:	100001c7 	.word	0x100001c7
10000130:	100001c1 	.word	0x100001c1
10000134:	100001c1 	.word	0x100001c1
10000138:	100001c9 	.word	0x100001c9
1000013c:	100001cb 	.word	0x100001cb
10000140:	100001cd 	.word	0x100001cd
10000144:	100001cd 	.word	0x100001cd
10000148:	100001cd 	.word	0x100001cd
1000014c:	100001cd 	.word	0x100001cd
10000150:	100001cd 	.word	0x100001cd
10000154:	100001cd 	.word	0x100001cd
10000158:	100001cd 	.word	0x100001cd
1000015c:	100001cd 	.word	0x100001cd
10000160:	100001cd 	.word	0x100001cd
10000164:	100001cd 	.word	0x100001cd
10000168:	100001cd 	.word	0x100001cd
1000016c:	100001cd 	.word	0x100001cd
10000170:	100001cd 	.word	0x100001cd
10000174:	100001cd 	.word	0x100001cd
10000178:	100001cd 	.word	0x100001cd
1000017c:	100001cd 	.word	0x100001cd
10000180:	100001cd 	.word	0x100001cd
10000184:	100001cd 	.word	0x100001cd
10000188:	100001cd 	.word	0x100001cd
1000018c:	100001cd 	.word	0x100001cd
10000190:	100001cd 	.word	0x100001cd
10000194:	100001cd 	.word	0x100001cd
10000198:	100001cd 	.word	0x100001cd
1000019c:	100001cd 	.word	0x100001cd
100001a0:	100001cd 	.word	0x100001cd
100001a4:	100001cd 	.word	0x100001cd
100001a8:	100001cd 	.word	0x100001cd
100001ac:	100001cd 	.word	0x100001cd
100001b0:	100001cd 	.word	0x100001cd
100001b4:	100001cd 	.word	0x100001cd
100001b8:	100001cd 	.word	0x100001cd
100001bc:	100001cd 	.word	0x100001cd

100001c0 <isr_invalid>:
100001c0:	be00      	bkpt	0x0000

100001c2 <isr_nmi>:
100001c2:	be00      	bkpt	0x0000

100001c4 <isr_hardfault>:
100001c4:	be00      	bkpt	0x0000

100001c6 <isr_svcall>:
100001c6:	be00      	bkpt	0x0000

100001c8 <isr_pendsv>:
100001c8:	be00      	bkpt	0x0000

100001ca <isr_systick>:
100001ca:	be00      	bkpt	0x0000

100001cc <__unhandled_user_irq>:
100001cc:	f3ef 8005 	mrs	r0, IPSR
100001d0:	3810      	subs	r0, #16

100001d2 <unhandled_user_irq_num_in_r0>:
100001d2:	be00      	bkpt	0x0000

100001d4 <binary_info_header>:
100001d4:	7188ebf2 	.word	0x7188ebf2
100001d8:	100019d0 	.word	0x100019d0
100001dc:	100019f0 	.word	0x100019f0
100001e0:	10000238 	.word	0x10000238
100001e4:	e71aa390 	.word	0xe71aa390

100001e8 <_entry_point>:
100001e8:	481e      	ldr	r0, [pc, #120]	@ (10000264 <data_cpy_table+0x2c>)

100001ea <_enter_vtable_in_r0>:
100001ea:	491f      	ldr	r1, [pc, #124]	@ (10000268 <data_cpy_table+0x30>)
100001ec:	6008      	str	r0, [r1, #0]
100001ee:	c806      	ldmia	r0!, {r1, r2}
100001f0:	f381 8808 	msr	MSP, r1
100001f4:	4710      	bx	r2

100001f6 <_reset_handler>:
100001f6:	481d      	ldr	r0, [pc, #116]	@ (1000026c <data_cpy_table+0x34>)
100001f8:	6800      	ldr	r0, [r0, #0]
100001fa:	2800      	cmp	r0, #0
100001fc:	d001      	beq.n	10000202 <hold_non_core0_in_bootrom+0x4>

100001fe <hold_non_core0_in_bootrom>:
100001fe:	4819      	ldr	r0, [pc, #100]	@ (10000264 <data_cpy_table+0x2c>)
10000200:	e7f3      	b.n	100001ea <_enter_vtable_in_r0>
10000202:	a40d      	add	r4, pc, #52	@ (adr r4, 10000238 <data_cpy_table>)
10000204:	cc0e      	ldmia	r4!, {r1, r2, r3}
10000206:	2900      	cmp	r1, #0
10000208:	d002      	beq.n	10000210 <hold_non_core0_in_bootrom+0x12>
1000020a:	f000 f812 	bl	10000232 <data_cpy>
1000020e:	e7f9      	b.n	10000204 <hold_non_core0_in_bootrom+0x6>
10000210:	4917      	ldr	r1, [pc, #92]	@ (10000270 <data_cpy_table+0x38>)
10000212:	4a18      	ldr	r2, [pc, #96]	@ (10000274 <data_cpy_table+0x3c>)
10000214:	2000      	movs	r0, #0
10000216:	e000      	b.n	1000021a <bss_fill_test>

10000218 <bss_fill_loop>:
10000218:	c101      	stmia	r1!, {r0}

1000021a <bss_fill_test>:
1000021a:	4291      	cmp	r1, r2
1000021c:	d1fc      	bne.n	10000218 <bss_fill_loop>

1000021e <platform_entry>:
1000021e:	4916      	ldr	r1, [pc, #88]	@ (10000278 <data_cpy_table+0x40>)
10000220:	4788      	blx	r1
10000222:	4916      	ldr	r1, [pc, #88]	@ (1000027c <data_cpy_table+0x44>)
10000224:	4788      	blx	r1
10000226:	4916      	ldr	r1, [pc, #88]	@ (10000280 <data_cpy_table+0x48>)
10000228:	4788      	blx	r1
1000022a:	be00      	bkpt	0x0000
1000022c:	e7fd      	b.n	1000022a <platform_entry+0xc>

1000022e <data_cpy_loop>:
1000022e:	c901      	ldmia	r1!, {r0}
10000230:	c201      	stmia	r2!, {r0}

10000232 <data_cpy>:
10000232:	429a      	cmp	r2, r3
10000234:	d3fb      	bcc.n	1000022e <data_cpy_loop>
10000236:	4770      	bx	lr

10000238 <data_cpy_table>:
10000238:	100019f0 	.word	0x100019f0
1000023c:	200000c0 	.word	0x200000c0
10000240:	200001e8 	.word	0x200001e8
10000244:	10001b18 	.word	0x10001b18
10000248:	20040000 	.word	0x20040000
1000024c:	20040000 	.word	0x20040000
10000250:	10001b18 	.word	0x10001b18
10000254:	20041000 	.word	0x20041000
10000258:	20041000 	.word	0x20041000
1000025c:	00000000 	.word	0x00000000
10000260:	4770      	bx	lr
10000262:	0000      	.short	0x0000
10000264:	00000000 	.word	0x00000000
10000268:	e000ed08 	.word	0xe000ed08
1000026c:	d0000000 	.word	0xd0000000
10000270:	200001e8 	.word	0x200001e8
10000274:	200005d0 	.word	0x200005d0
10000278:	10001551 	.word	0x10001551
1000027c:	10000339 	.word	0x10000339
10000280:	10001549 	.word	0x10001549

10000284 <_init>:
10000284:	b5f8      	push	{r3, r4, r5, r6, r7, lr}
10000286:	46c0      	nop			@ (mov r8, r8)

10000288 <register_tm_clones>:
10000288:	4806      	ldr	r0, [pc, #24]	@ (100002a4 <register_tm_clones+0x1c>)
1000028a:	4907      	ldr	r1, [pc, #28]	@ (100002a8 <register_tm_clones+0x20>)
1000028c:	1a09      	subs	r1, r1, r0
1000028e:	108b      	asrs	r3, r1, #2
10000290:	0fc9      	lsrs	r1, r1, #31
10000292:	18c9      	adds	r1, r1, r3
10000294:	b510      	push	{r4, lr}
10000296:	1049      	asrs	r1, r1, #1
10000298:	d003      	beq.n	100002a2 <register_tm_clones+0x1a>
1000029a:	4b04      	ldr	r3, [pc, #16]	@ (100002ac <register_tm_clones+0x24>)
1000029c:	2b00      	cmp	r3, #0
1000029e:	d000      	beq.n	100002a2 <register_tm_clones+0x1a>
100002a0:	4798      	blx	r3
100002a2:	bd10      	pop	{r4, pc}
100002a4:	200001e8 	.word	0x200001e8
100002a8:	200001e8 	.word	0x200001e8
100002ac:	00000000 	.word	0x00000000

100002b0 <frame_dummy>:
100002b0:	4b05      	ldr	r3, [pc, #20]	@ (100002c8 <frame_dummy+0x18>)
100002b2:	b510      	push	{r4, lr}
100002b4:	2b00      	cmp	r3, #0
100002b6:	d003      	beq.n	100002c0 <frame_dummy+0x10>
100002b8:	4904      	ldr	r1, [pc, #16]	@ (100002cc <frame_dummy+0x1c>)
100002ba:	4805      	ldr	r0, [pc, #20]	@ (100002d0 <frame_dummy+0x20>)
100002bc:	e000      	b.n	100002c0 <frame_dummy+0x10>
100002be:	bf00      	nop
100002c0:	f7ff ffe2 	bl	10000288 <register_tm_clones>
100002c4:	bd10      	pop	{r4, pc}
100002c6:	46c0      	nop			@ (mov r8, r8)
100002c8:	00000000 	.word	0x00000000
100002cc:	200004a0 	.word	0x200004a0
100002d0:	100018c8 	.word	0x100018c8

100002d4 <inicializar_servo>:
100002d4:	b510      	push	{r4, lr}
100002d6:	2104      	movs	r1, #4
100002d8:	2016      	movs	r0, #22
100002da:	f000 f90b 	bl	100004f4 <gpio_set_function>
100002de:	2280      	movs	r2, #128	@ 0x80
100002e0:	4b05      	ldr	r3, [pc, #20]	@ (100002f8 <inicializar_servo+0x24>)
100002e2:	00d2      	lsls	r2, r2, #3
100002e4:	641a      	str	r2, [r3, #64]	@ 0x40
100002e6:	4a05      	ldr	r2, [pc, #20]	@ (100002fc <inicializar_servo+0x28>)
100002e8:	64da      	str	r2, [r3, #76]	@ 0x4c
100002ea:	4b05      	ldr	r3, [pc, #20]	@ (10000300 <inicializar_servo+0x2c>)
100002ec:	681a      	ldr	r2, [r3, #0]
100002ee:	2301      	movs	r3, #1
100002f0:	4393      	bics	r3, r2
100002f2:	4a04      	ldr	r2, [pc, #16]	@ (10000304 <inicializar_servo+0x30>)
100002f4:	6013      	str	r3, [r2, #0]
100002f6:	bd10      	pop	{r4, pc}
100002f8:	40050000 	.word	0x40050000
100002fc:	00004e20 	.word	0x00004e20
10000300:	4005003c 	.word	0x4005003c
10000304:	4005103c 	.word	0x4005103c

10000308 <inicializar_led>:
10000308:	2104      	movs	r1, #4
1000030a:	b510      	push	{r4, lr}
1000030c:	200c      	movs	r0, #12
1000030e:	f000 f8f1 	bl	100004f4 <gpio_set_function>
10000312:	2210      	movs	r2, #16
10000314:	2164      	movs	r1, #100	@ 0x64
10000316:	4b05      	ldr	r3, [pc, #20]	@ (1000032c <inicializar_led+0x24>)
10000318:	67da      	str	r2, [r3, #124]	@ 0x7c
1000031a:	3278      	adds	r2, #120	@ 0x78
1000031c:	5099      	str	r1, [r3, r2]
1000031e:	4b04      	ldr	r3, [pc, #16]	@ (10000330 <inicializar_led+0x28>)
10000320:	681a      	ldr	r2, [r3, #0]
10000322:	2301      	movs	r3, #1
10000324:	4393      	bics	r3, r2
10000326:	4a03      	ldr	r2, [pc, #12]	@ (10000334 <inicializar_led+0x2c>)
10000328:	6013      	str	r3, [r2, #0]
1000032a:	bd10      	pop	{r4, pc}
1000032c:	40050000 	.word	0x40050000
10000330:	40050078 	.word	0x40050078
10000334:	40051078 	.word	0x40051078

10000338 <main>:
10000338:	b5f0      	push	{r4, r5, r6, r7, lr}
1000033a:	46d6      	mov	lr, sl
1000033c:	464f      	mov	r7, r9
1000033e:	4646      	mov	r6, r8
10000340:	b5c0      	push	{r6, r7, lr}
10000342:	f001 f9ed 	bl	10001720 <stdio_init_all>
10000346:	20fa      	movs	r0, #250	@ 0xfa
10000348:	4d5f      	ldr	r5, [pc, #380]	@ (100004c8 <main+0x190>)
1000034a:	00c0      	lsls	r0, r0, #3
1000034c:	f000 fcc0 	bl	10000cd0 <sleep_ms>
10000350:	f7ff ffc0 	bl	100002d4 <inicializar_servo>
10000354:	f7ff ffd8 	bl	10000308 <inicializar_led>
10000358:	6cea      	ldr	r2, [r5, #76]	@ 0x4c
1000035a:	4b5c      	ldr	r3, [pc, #368]	@ (100004cc <main+0x194>)
1000035c:	495c      	ldr	r1, [pc, #368]	@ (100004d0 <main+0x198>)
1000035e:	681c      	ldr	r4, [r3, #0]
10000360:	4699      	mov	r9, r3
10000362:	0093      	lsls	r3, r2, #2
10000364:	189b      	adds	r3, r3, r2
10000366:	0118      	lsls	r0, r3, #4
10000368:	1ac0      	subs	r0, r0, r3
1000036a:	0140      	lsls	r0, r0, #5
1000036c:	f000 ffdc 	bl	10001328 <__wrap___aeabi_uidiv>
10000370:	0003      	movs	r3, r0
10000372:	2788      	movs	r7, #136	@ 0x88
10000374:	2064      	movs	r0, #100	@ 0x64
10000376:	4063      	eors	r3, r4
10000378:	4a56      	ldr	r2, [pc, #344]	@ (100004d4 <main+0x19c>)
1000037a:	041b      	lsls	r3, r3, #16
1000037c:	0c1b      	lsrs	r3, r3, #16
1000037e:	6013      	str	r3, [r2, #0]
10000380:	59eb      	ldr	r3, [r5, r7]
10000382:	2164      	movs	r1, #100	@ 0x64
10000384:	4358      	muls	r0, r3
10000386:	4690      	mov	r8, r2
10000388:	f000 ffce 	bl	10001328 <__wrap___aeabi_uidiv>
1000038c:	0003      	movs	r3, r0
1000038e:	4e52      	ldr	r6, [pc, #328]	@ (100004d8 <main+0x1a0>)
10000390:	4852      	ldr	r0, [pc, #328]	@ (100004dc <main+0x1a4>)
10000392:	6834      	ldr	r4, [r6, #0]
10000394:	4063      	eors	r3, r4
10000396:	041b      	lsls	r3, r3, #16
10000398:	4c51      	ldr	r4, [pc, #324]	@ (100004e0 <main+0x1a8>)
1000039a:	0c1b      	lsrs	r3, r3, #16
1000039c:	6023      	str	r3, [r4, #0]
1000039e:	f000 fc97 	bl	10000cd0 <sleep_ms>
100003a2:	464a      	mov	r2, r9
100003a4:	6ceb      	ldr	r3, [r5, #76]	@ 0x4c
100003a6:	6812      	ldr	r2, [r2, #0]
100003a8:	484e      	ldr	r0, [pc, #312]	@ (100004e4 <main+0x1ac>)
100003aa:	4692      	mov	sl, r2
100003ac:	4358      	muls	r0, r3
100003ae:	4948      	ldr	r1, [pc, #288]	@ (100004d0 <main+0x198>)
100003b0:	f000 ffba 	bl	10001328 <__wrap___aeabi_uidiv>
100003b4:	4653      	mov	r3, sl
100003b6:	4642      	mov	r2, r8
100003b8:	4043      	eors	r3, r0
100003ba:	041b      	lsls	r3, r3, #16
100003bc:	0c1b      	lsrs	r3, r3, #16
100003be:	6013      	str	r3, [r2, #0]
100003c0:	59eb      	ldr	r3, [r5, r7]
100003c2:	6832      	ldr	r2, [r6, #0]
100003c4:	0058      	lsls	r0, r3, #1
100003c6:	4692      	mov	sl, r2
100003c8:	18c0      	adds	r0, r0, r3
100003ca:	0103      	lsls	r3, r0, #4
100003cc:	2164      	movs	r1, #100	@ 0x64
100003ce:	18c0      	adds	r0, r0, r3
100003d0:	f000 ffaa 	bl	10001328 <__wrap___aeabi_uidiv>
100003d4:	4653      	mov	r3, sl
100003d6:	4043      	eors	r3, r0
100003d8:	041b      	lsls	r3, r3, #16
100003da:	0c1b      	lsrs	r3, r3, #16
100003dc:	483f      	ldr	r0, [pc, #252]	@ (100004dc <main+0x1a4>)
100003de:	6023      	str	r3, [r4, #0]
100003e0:	f000 fc76 	bl	10000cd0 <sleep_ms>
100003e4:	464a      	mov	r2, r9
100003e6:	6ceb      	ldr	r3, [r5, #76]	@ 0x4c
100003e8:	6812      	ldr	r2, [r2, #0]
100003ea:	0158      	lsls	r0, r3, #5
100003ec:	4691      	mov	r9, r2
100003ee:	1ac0      	subs	r0, r0, r3
100003f0:	0080      	lsls	r0, r0, #2
100003f2:	18c0      	adds	r0, r0, r3
100003f4:	4936      	ldr	r1, [pc, #216]	@ (100004d0 <main+0x198>)
100003f6:	0080      	lsls	r0, r0, #2
100003f8:	f000 ff96 	bl	10001328 <__wrap___aeabi_uidiv>
100003fc:	464b      	mov	r3, r9
100003fe:	4642      	mov	r2, r8
10000400:	4043      	eors	r3, r0
10000402:	041b      	lsls	r3, r3, #16
10000404:	0c1b      	lsrs	r3, r3, #16
10000406:	6013      	str	r3, [r2, #0]
10000408:	59eb      	ldr	r3, [r5, r7]
1000040a:	6833      	ldr	r3, [r6, #0]
1000040c:	4833      	ldr	r0, [pc, #204]	@ (100004dc <main+0x1a4>)
1000040e:	041b      	lsls	r3, r3, #16
10000410:	0c1b      	lsrs	r3, r3, #16
10000412:	6023      	str	r3, [r4, #0]
10000414:	f000 fc5c 	bl	10000cd0 <sleep_ms>
10000418:	24fa      	movs	r4, #250	@ 0xfa
1000041a:	2600      	movs	r6, #0
1000041c:	0064      	lsls	r4, r4, #1
1000041e:	6ce8      	ldr	r0, [r5, #76]	@ 0x4c
10000420:	4b2a      	ldr	r3, [pc, #168]	@ (100004cc <main+0x194>)
10000422:	4360      	muls	r0, r4
10000424:	492a      	ldr	r1, [pc, #168]	@ (100004d0 <main+0x198>)
10000426:	681f      	ldr	r7, [r3, #0]
10000428:	f000 ff7e 	bl	10001328 <__wrap___aeabi_uidiv>
1000042c:	4078      	eors	r0, r7
1000042e:	4b29      	ldr	r3, [pc, #164]	@ (100004d4 <main+0x19c>)
10000430:	0400      	lsls	r0, r0, #16
10000432:	0c00      	lsrs	r0, r0, #16
10000434:	6018      	str	r0, [r3, #0]
10000436:	2388      	movs	r3, #136	@ 0x88
10000438:	58ef      	ldr	r7, [r5, r3]
1000043a:	4b27      	ldr	r3, [pc, #156]	@ (100004d8 <main+0x1a0>)
1000043c:	0030      	movs	r0, r6
1000043e:	681b      	ldr	r3, [r3, #0]
10000440:	4929      	ldr	r1, [pc, #164]	@ (100004e8 <main+0x1b0>)
10000442:	4698      	mov	r8, r3
10000444:	f000 ff70 	bl	10001328 <__wrap___aeabi_uidiv>
10000448:	2164      	movs	r1, #100	@ 0x64
1000044a:	4378      	muls	r0, r7
1000044c:	f000 ff6c 	bl	10001328 <__wrap___aeabi_uidiv>
10000450:	4643      	mov	r3, r8
10000452:	4058      	eors	r0, r3
10000454:	0400      	lsls	r0, r0, #16
10000456:	4b22      	ldr	r3, [pc, #136]	@ (100004e0 <main+0x1a8>)
10000458:	0c00      	lsrs	r0, r0, #16
1000045a:	6018      	str	r0, [r3, #0]
1000045c:	200a      	movs	r0, #10
1000045e:	f000 fc37 	bl	10000cd0 <sleep_ms>
10000462:	4b22      	ldr	r3, [pc, #136]	@ (100004ec <main+0x1b4>)
10000464:	36f5      	adds	r6, #245	@ 0xf5
10000466:	3405      	adds	r4, #5
10000468:	36ff      	adds	r6, #255	@ 0xff
1000046a:	429c      	cmp	r4, r3
1000046c:	d1d7      	bne.n	1000041e <main+0xe6>
1000046e:	2496      	movs	r4, #150	@ 0x96
10000470:	4e1f      	ldr	r6, [pc, #124]	@ (100004f0 <main+0x1b8>)
10000472:	0124      	lsls	r4, r4, #4
10000474:	6ce8      	ldr	r0, [r5, #76]	@ 0x4c
10000476:	4b15      	ldr	r3, [pc, #84]	@ (100004cc <main+0x194>)
10000478:	4360      	muls	r0, r4
1000047a:	4915      	ldr	r1, [pc, #84]	@ (100004d0 <main+0x198>)
1000047c:	681f      	ldr	r7, [r3, #0]
1000047e:	f000 ff53 	bl	10001328 <__wrap___aeabi_uidiv>
10000482:	4078      	eors	r0, r7
10000484:	4b13      	ldr	r3, [pc, #76]	@ (100004d4 <main+0x19c>)
10000486:	0400      	lsls	r0, r0, #16
10000488:	0c00      	lsrs	r0, r0, #16
1000048a:	6018      	str	r0, [r3, #0]
1000048c:	2388      	movs	r3, #136	@ 0x88
1000048e:	58ef      	ldr	r7, [r5, r3]
10000490:	4b11      	ldr	r3, [pc, #68]	@ (100004d8 <main+0x1a0>)
10000492:	0030      	movs	r0, r6
10000494:	681b      	ldr	r3, [r3, #0]
10000496:	4914      	ldr	r1, [pc, #80]	@ (100004e8 <main+0x1b0>)
10000498:	4698      	mov	r8, r3
1000049a:	f000 ff45 	bl	10001328 <__wrap___aeabi_uidiv>
1000049e:	2164      	movs	r1, #100	@ 0x64
100004a0:	4378      	muls	r0, r7
100004a2:	f000 ff41 	bl	10001328 <__wrap___aeabi_uidiv>
100004a6:	4643      	mov	r3, r8
100004a8:	4058      	eors	r0, r3
100004aa:	0400      	lsls	r0, r0, #16
100004ac:	4b0c      	ldr	r3, [pc, #48]	@ (100004e0 <main+0x1a8>)
100004ae:	0c00      	lsrs	r0, r0, #16
100004b0:	6018      	str	r0, [r3, #0]
100004b2:	200a      	movs	r0, #10
100004b4:	f000 fc0c 	bl	10000cd0 <sleep_ms>
100004b8:	23f0      	movs	r3, #240	@ 0xf0
100004ba:	3ef5      	subs	r6, #245	@ 0xf5
100004bc:	3c05      	subs	r4, #5
100004be:	33ff      	adds	r3, #255	@ 0xff
100004c0:	3eff      	subs	r6, #255	@ 0xff
100004c2:	429c      	cmp	r4, r3
100004c4:	d1d6      	bne.n	10000474 <main+0x13c>
100004c6:	e7a7      	b.n	10000418 <main+0xe0>
100004c8:	40050000 	.word	0x40050000
100004cc:	40050048 	.word	0x40050048
100004d0:	00004e20 	.word	0x00004e20
100004d4:	40051048 	.word	0x40051048
100004d8:	40050084 	.word	0x40050084
100004dc:	00001388 	.word	0x00001388
100004e0:	40051084 	.word	0x40051084
100004e4:	000005be 	.word	0x000005be
100004e8:	0000076c 	.word	0x0000076c
100004ec:	00000965 	.word	0x00000965
100004f0:	0002e630 	.word	0x0002e630

100004f4 <gpio_set_function>:
100004f4:	4a09      	ldr	r2, [pc, #36]	@ (1000051c <gpio_set_function+0x28>)
100004f6:	0083      	lsls	r3, r0, #2
100004f8:	189a      	adds	r2, r3, r2
100004fa:	b510      	push	{r4, lr}
100004fc:	6814      	ldr	r4, [r2, #0]
100004fe:	2240      	movs	r2, #64	@ 0x40
10000500:	4054      	eors	r4, r2
10000502:	3280      	adds	r2, #128	@ 0x80
10000504:	4022      	ands	r2, r4
10000506:	4c06      	ldr	r4, [pc, #24]	@ (10000520 <gpio_set_function+0x2c>)
10000508:	00c0      	lsls	r0, r0, #3
1000050a:	46a4      	mov	ip, r4
1000050c:	4463      	add	r3, ip
1000050e:	601a      	str	r2, [r3, #0]
10000510:	4b04      	ldr	r3, [pc, #16]	@ (10000524 <gpio_set_function+0x30>)
10000512:	469c      	mov	ip, r3
10000514:	4460      	add	r0, ip
10000516:	6041      	str	r1, [r0, #4]
10000518:	bd10      	pop	{r4, pc}
1000051a:	46c0      	nop			@ (mov r8, r8)
1000051c:	4001c004 	.word	0x4001c004
10000520:	4001d004 	.word	0x4001d004
10000524:	40014000 	.word	0x40014000

10000528 <panic>:
10000528:	b40f      	push	{r0, r1, r2, r3}
1000052a:	b500      	push	{lr}
1000052c:	4808      	ldr	r0, [pc, #32]	@ (10000550 <panic+0x28>)
1000052e:	b083      	sub	sp, #12
10000530:	f001 f944 	bl	100017bc <__wrap_puts>
10000534:	9b04      	ldr	r3, [sp, #16]
10000536:	2b00      	cmp	r3, #0
10000538:	d007      	beq.n	1000054a <panic+0x22>
1000053a:	a905      	add	r1, sp, #20
1000053c:	0018      	movs	r0, r3
1000053e:	9101      	str	r1, [sp, #4]
10000540:	f000 ffe8 	bl	10001514 <weak_raw_vprintf>
10000544:	4803      	ldr	r0, [pc, #12]	@ (10000554 <panic+0x2c>)
10000546:	f001 f939 	bl	100017bc <__wrap_puts>
1000054a:	2001      	movs	r0, #1
1000054c:	f000 fffa 	bl	10001544 <_exit>
10000550:	100018c8 	.word	0x100018c8
10000554:	100018d8 	.word	0x100018d8

10000558 <hw_claim_or_assert>:
10000558:	b570      	push	{r4, r5, r6, lr}
1000055a:	f3ef 8c10 	mrs	ip, PRIMASK
1000055e:	b672      	cpsid	i
10000560:	4d0d      	ldr	r5, [pc, #52]	@ (10000598 <hw_claim_or_assert+0x40>)
10000562:	682b      	ldr	r3, [r5, #0]
10000564:	2b00      	cmp	r3, #0
10000566:	d0fc      	beq.n	10000562 <hw_claim_or_assert+0xa>
10000568:	f3bf 8f5f 	dmb	sy
1000056c:	2407      	movs	r4, #7
1000056e:	08cb      	lsrs	r3, r1, #3
10000570:	18c6      	adds	r6, r0, r3
10000572:	5cc0      	ldrb	r0, [r0, r3]
10000574:	2301      	movs	r3, #1
10000576:	400c      	ands	r4, r1
10000578:	40a3      	lsls	r3, r4
1000057a:	001c      	movs	r4, r3
1000057c:	4004      	ands	r4, r0
1000057e:	4203      	tst	r3, r0
10000580:	d107      	bne.n	10000592 <hw_claim_or_assert+0x3a>
10000582:	4318      	orrs	r0, r3
10000584:	7030      	strb	r0, [r6, #0]
10000586:	f3bf 8f5f 	dmb	sy
1000058a:	602c      	str	r4, [r5, #0]
1000058c:	f38c 8810 	msr	PRIMASK, ip
10000590:	bd70      	pop	{r4, r5, r6, pc}
10000592:	0010      	movs	r0, r2
10000594:	f7ff ffc8 	bl	10000528 <panic>
10000598:	d000012c 	.word	0xd000012c

1000059c <next_striped_spin_lock_num>:
1000059c:	4a04      	ldr	r2, [pc, #16]	@ (100005b0 <next_striped_spin_lock_num+0x14>)
1000059e:	7810      	ldrb	r0, [r2, #0]
100005a0:	1c43      	adds	r3, r0, #1
100005a2:	b2db      	uxtb	r3, r3
100005a4:	2b17      	cmp	r3, #23
100005a6:	d900      	bls.n	100005aa <next_striped_spin_lock_num+0xe>
100005a8:	2310      	movs	r3, #16
100005aa:	7013      	strb	r3, [r2, #0]
100005ac:	4770      	bx	lr
100005ae:	46c0      	nop			@ (mov r8, r8)
100005b0:	20000198 	.word	0x20000198

100005b4 <spin_locks_reset>:
100005b4:	2100      	movs	r1, #0
100005b6:	4b04      	ldr	r3, [pc, #16]	@ (100005c8 <spin_locks_reset+0x14>)
100005b8:	4a04      	ldr	r2, [pc, #16]	@ (100005cc <spin_locks_reset+0x18>)
100005ba:	f3bf 8f5f 	dmb	sy
100005be:	c302      	stmia	r3!, {r1}
100005c0:	4293      	cmp	r3, r2
100005c2:	d1fa      	bne.n	100005ba <spin_locks_reset+0x6>
100005c4:	4770      	bx	lr
100005c6:	46c0      	nop			@ (mov r8, r8)
100005c8:	d0000100 	.word	0xd0000100
100005cc:	d0000180 	.word	0xd0000180

100005d0 <runtime_init_per_core_irq_priorities>:
100005d0:	4b05      	ldr	r3, [pc, #20]	@ (100005e8 <runtime_init_per_core_irq_priorities+0x18>)
100005d2:	4a06      	ldr	r2, [pc, #24]	@ (100005ec <runtime_init_per_core_irq_priorities+0x1c>)
100005d4:	6013      	str	r3, [r2, #0]
100005d6:	4a06      	ldr	r2, [pc, #24]	@ (100005f0 <runtime_init_per_core_irq_priorities+0x20>)
100005d8:	6013      	str	r3, [r2, #0]
100005da:	6053      	str	r3, [r2, #4]
100005dc:	6093      	str	r3, [r2, #8]
100005de:	60d3      	str	r3, [r2, #12]
100005e0:	6113      	str	r3, [r2, #16]
100005e2:	6153      	str	r3, [r2, #20]
100005e4:	6193      	str	r3, [r2, #24]
100005e6:	4770      	bx	lr
100005e8:	80808080 	.word	0x80808080
100005ec:	e000e400 	.word	0xe000e400
100005f0:	e000e404 	.word	0xe000e404

100005f4 <irq_set_enabled>:
100005f4:	231f      	movs	r3, #31
100005f6:	4018      	ands	r0, r3
100005f8:	3b1e      	subs	r3, #30
100005fa:	4083      	lsls	r3, r0
100005fc:	2900      	cmp	r1, #0
100005fe:	d005      	beq.n	1000060c <irq_set_enabled+0x18>
10000600:	21c0      	movs	r1, #192	@ 0xc0
10000602:	4a04      	ldr	r2, [pc, #16]	@ (10000614 <irq_set_enabled+0x20>)
10000604:	0049      	lsls	r1, r1, #1
10000606:	5053      	str	r3, [r2, r1]
10000608:	6013      	str	r3, [r2, #0]
1000060a:	4770      	bx	lr
1000060c:	2280      	movs	r2, #128	@ 0x80
1000060e:	4901      	ldr	r1, [pc, #4]	@ (10000614 <irq_set_enabled+0x20>)
10000610:	508b      	str	r3, [r1, r2]
10000612:	e7fa      	b.n	1000060a <irq_set_enabled+0x16>
10000614:	e000e100 	.word	0xe000e100

10000618 <irq_set_exclusive_handler>:
10000618:	b570      	push	{r4, r5, r6, lr}
1000061a:	000d      	movs	r5, r1
1000061c:	f3ef 8610 	mrs	r6, PRIMASK
10000620:	b672      	cpsid	i
10000622:	4a0f      	ldr	r2, [pc, #60]	@ (10000660 <irq_set_exclusive_handler+0x48>)
10000624:	6813      	ldr	r3, [r2, #0]
10000626:	2b00      	cmp	r3, #0
10000628:	d0fc      	beq.n	10000624 <irq_set_exclusive_handler+0xc>
1000062a:	f3bf 8f5f 	dmb	sy
1000062e:	4b0d      	ldr	r3, [pc, #52]	@ (10000664 <irq_set_exclusive_handler+0x4c>)
10000630:	3010      	adds	r0, #16
10000632:	689b      	ldr	r3, [r3, #8]
10000634:	0084      	lsls	r4, r0, #2
10000636:	591b      	ldr	r3, [r3, r4]
10000638:	4a0b      	ldr	r2, [pc, #44]	@ (10000668 <irq_set_exclusive_handler+0x50>)
1000063a:	4293      	cmp	r3, r2
1000063c:	d003      	beq.n	10000646 <irq_set_exclusive_handler+0x2e>
1000063e:	429d      	cmp	r5, r3
10000640:	d001      	beq.n	10000646 <irq_set_exclusive_handler+0x2e>
10000642:	f000 fd93 	bl	1000116c <hard_assertion_failure>
10000646:	4b07      	ldr	r3, [pc, #28]	@ (10000664 <irq_set_exclusive_handler+0x4c>)
10000648:	689b      	ldr	r3, [r3, #8]
1000064a:	511d      	str	r5, [r3, r4]
1000064c:	f3bf 8f5f 	dmb	sy
10000650:	f3bf 8f5f 	dmb	sy
10000654:	2200      	movs	r2, #0
10000656:	4b02      	ldr	r3, [pc, #8]	@ (10000660 <irq_set_exclusive_handler+0x48>)
10000658:	601a      	str	r2, [r3, #0]
1000065a:	f386 8810 	msr	PRIMASK, r6
1000065e:	bd70      	pop	{r4, r5, r6, pc}
10000660:	d0000124 	.word	0xd0000124
10000664:	e000ed00 	.word	0xe000ed00
10000668:	100001cd 	.word	0x100001cd

1000066c <lock_init>:
1000066c:	4b02      	ldr	r3, [pc, #8]	@ (10000678 <lock_init+0xc>)
1000066e:	469c      	mov	ip, r3
10000670:	4461      	add	r1, ip
10000672:	0089      	lsls	r1, r1, #2
10000674:	6001      	str	r1, [r0, #0]
10000676:	4770      	bx	lr
10000678:	34000040 	.word	0x34000040

1000067c <runtime_init_mutex>:
1000067c:	b570      	push	{r4, r5, r6, lr}
1000067e:	4c11      	ldr	r4, [pc, #68]	@ (100006c4 <runtime_init_mutex+0x48>)
10000680:	4d11      	ldr	r5, [pc, #68]	@ (100006c8 <runtime_init_mutex+0x4c>)
10000682:	42ac      	cmp	r4, r5
10000684:	d20f      	bcs.n	100006a6 <runtime_init_mutex+0x2a>
10000686:	26ff      	movs	r6, #255	@ 0xff
10000688:	6823      	ldr	r3, [r4, #0]
1000068a:	2b00      	cmp	r3, #0
1000068c:	d00c      	beq.n	100006a8 <runtime_init_mutex+0x2c>
1000068e:	f7ff ff85 	bl	1000059c <next_striped_spin_lock_num>
10000692:	0001      	movs	r1, r0
10000694:	0020      	movs	r0, r4
10000696:	f7ff ffe9 	bl	1000066c <lock_init>
1000069a:	80a6      	strh	r6, [r4, #4]
1000069c:	f3bf 8f5f 	dmb	sy
100006a0:	3408      	adds	r4, #8
100006a2:	42ac      	cmp	r4, r5
100006a4:	d3f0      	bcc.n	10000688 <runtime_init_mutex+0xc>
100006a6:	bd70      	pop	{r4, r5, r6, pc}
100006a8:	f7ff ff78 	bl	1000059c <next_striped_spin_lock_num>
100006ac:	0001      	movs	r1, r0
100006ae:	0020      	movs	r0, r4
100006b0:	f7ff ffdc 	bl	1000066c <lock_init>
100006b4:	7126      	strb	r6, [r4, #4]
100006b6:	f3bf 8f5f 	dmb	sy
100006ba:	3408      	adds	r4, #8
100006bc:	42ac      	cmp	r4, r5
100006be:	d3e3      	bcc.n	10000688 <runtime_init_mutex+0xc>
100006c0:	e7f1      	b.n	100006a6 <runtime_init_mutex+0x2a>
100006c2:	46c0      	nop			@ (mov r8, r8)
100006c4:	200001e0 	.word	0x200001e0
100006c8:	200001e8 	.word	0x200001e8

100006cc <sleep_until_callback>:
100006cc:	4b0a      	ldr	r3, [pc, #40]	@ (100006f8 <sleep_until_callback+0x2c>)
100006ce:	6819      	ldr	r1, [r3, #0]
100006d0:	f3ef 8010 	mrs	r0, PRIMASK
100006d4:	b672      	cpsid	i
100006d6:	680a      	ldr	r2, [r1, #0]
100006d8:	2a00      	cmp	r2, #0
100006da:	d0fc      	beq.n	100006d6 <sleep_until_callback+0xa>
100006dc:	f3bf 8f5f 	dmb	sy
100006e0:	681b      	ldr	r3, [r3, #0]
100006e2:	f3bf 8f5f 	dmb	sy
100006e6:	2200      	movs	r2, #0
100006e8:	601a      	str	r2, [r3, #0]
100006ea:	f380 8810 	msr	PRIMASK, r0
100006ee:	bf40      	sev
100006f0:	2000      	movs	r0, #0
100006f2:	2100      	movs	r1, #0
100006f4:	4770      	bx	lr
100006f6:	46c0      	nop			@ (mov r8, r8)
100006f8:	200005cc 	.word	0x200005cc

100006fc <alarm_pool_irq_handler>:
100006fc:	b5f0      	push	{r4, r5, r6, r7, lr}
100006fe:	46de      	mov	lr, fp
10000700:	4657      	mov	r7, sl
10000702:	464e      	mov	r6, r9
10000704:	4645      	mov	r5, r8
10000706:	b5e0      	push	{r5, r6, r7, lr}
10000708:	b083      	sub	sp, #12
1000070a:	f3ef 8205 	mrs	r2, IPSR
1000070e:	2303      	movs	r3, #3
10000710:	4013      	ands	r3, r2
10000712:	4ab5      	ldr	r2, [pc, #724]	@ (100009e8 <alarm_pool_irq_handler+0x2ec>)
10000714:	0099      	lsls	r1, r3, #2
10000716:	5852      	ldr	r2, [r2, r1]
10000718:	9100      	str	r1, [sp, #0]
1000071a:	4690      	mov	r8, r2
1000071c:	2201      	movs	r2, #1
1000071e:	409a      	lsls	r2, r3
10000720:	4bb2      	ldr	r3, [pc, #712]	@ (100009ec <alarm_pool_irq_handler+0x2f0>)
10000722:	4693      	mov	fp, r2
10000724:	601a      	str	r2, [r3, #0]
10000726:	4bb2      	ldr	r3, [pc, #712]	@ (100009f0 <alarm_pool_irq_handler+0x2f4>)
10000728:	9301      	str	r3, [sp, #4]
1000072a:	e02e      	b.n	1000078a <alarm_pool_irq_handler+0x8e>
1000072c:	4643      	mov	r3, r8
1000072e:	889b      	ldrh	r3, [r3, #4]
10000730:	b21b      	sxth	r3, r3
10000732:	2b00      	cmp	r3, #0
10000734:	db00      	blt.n	10000738 <alarm_pool_irq_handler+0x3c>
10000736:	e099      	b.n	1000086c <alarm_pool_irq_handler+0x170>
10000738:	4643      	mov	r3, r8
1000073a:	799b      	ldrb	r3, [r3, #6]
1000073c:	2b00      	cmp	r3, #0
1000073e:	d000      	beq.n	10000742 <alarm_pool_irq_handler+0x46>
10000740:	e0dd      	b.n	100008fe <alarm_pool_irq_handler+0x202>
10000742:	4643      	mov	r3, r8
10000744:	2408      	movs	r4, #8
10000746:	5f1c      	ldrsh	r4, [r3, r4]
10000748:	2c00      	cmp	r4, #0
1000074a:	da00      	bge.n	1000074e <alarm_pool_irq_handler+0x52>
1000074c:	e106      	b.n	1000095c <alarm_pool_irq_handler+0x260>
1000074e:	4643      	mov	r3, r8
10000750:	695a      	ldr	r2, [r3, #20]
10000752:	0063      	lsls	r3, r4, #1
10000754:	191b      	adds	r3, r3, r4
10000756:	00db      	lsls	r3, r3, #3
10000758:	18d3      	adds	r3, r2, r3
1000075a:	689d      	ldr	r5, [r3, #8]
1000075c:	68dc      	ldr	r4, [r3, #12]
1000075e:	1c6b      	adds	r3, r5, #1
10000760:	d100      	bne.n	10000764 <alarm_pool_irq_handler+0x68>
10000762:	e107      	b.n	10000974 <alarm_pool_irq_handler+0x278>
10000764:	4ba3      	ldr	r3, [pc, #652]	@ (100009f4 <alarm_pool_irq_handler+0x2f8>)
10000766:	9900      	ldr	r1, [sp, #0]
10000768:	469c      	mov	ip, r3
1000076a:	4461      	add	r1, ip
1000076c:	6a9a      	ldr	r2, [r3, #40]	@ 0x28
1000076e:	690b      	ldr	r3, [r1, #16]
10000770:	1aa8      	subs	r0, r5, r2
10000772:	1a9b      	subs	r3, r3, r2
10000774:	4298      	cmp	r0, r3
10000776:	d200      	bcs.n	1000077a <alarm_pool_irq_handler+0x7e>
10000778:	610d      	str	r5, [r1, #16]
1000077a:	489e      	ldr	r0, [pc, #632]	@ (100009f4 <alarm_pool_irq_handler+0x2f8>)
1000077c:	f000 fb3e 	bl	10000dfc <timer_time_us_64>
10000780:	428c      	cmp	r4, r1
10000782:	dd00      	ble.n	10000786 <alarm_pool_irq_handler+0x8a>
10000784:	e0ea      	b.n	1000095c <alarm_pool_irq_handler+0x260>
10000786:	d100      	bne.n	1000078a <alarm_pool_irq_handler+0x8e>
10000788:	e126      	b.n	100009d8 <alarm_pool_irq_handler+0x2dc>
1000078a:	465b      	mov	r3, fp
1000078c:	4899      	ldr	r0, [pc, #612]	@ (100009f4 <alarm_pool_irq_handler+0x2f8>)
1000078e:	6343      	str	r3, [r0, #52]	@ 0x34
10000790:	4643      	mov	r3, r8
10000792:	2208      	movs	r2, #8
10000794:	5e9b      	ldrsh	r3, [r3, r2]
10000796:	4699      	mov	r9, r3
10000798:	2b00      	cmp	r3, #0
1000079a:	dbc7      	blt.n	1000072c <alarm_pool_irq_handler+0x30>
1000079c:	4642      	mov	r2, r8
1000079e:	6952      	ldr	r2, [r2, #20]
100007a0:	005b      	lsls	r3, r3, #1
100007a2:	4692      	mov	sl, r2
100007a4:	444b      	add	r3, r9
100007a6:	00db      	lsls	r3, r3, #3
100007a8:	449a      	add	sl, r3
100007aa:	4653      	mov	r3, sl
100007ac:	689e      	ldr	r6, [r3, #8]
100007ae:	68df      	ldr	r7, [r3, #12]
100007b0:	f000 fb24 	bl	10000dfc <timer_time_us_64>
100007b4:	428f      	cmp	r7, r1
100007b6:	dcb9      	bgt.n	1000072c <alarm_pool_irq_handler+0x30>
100007b8:	d100      	bne.n	100007bc <alarm_pool_irq_handler+0xc0>
100007ba:	e100      	b.n	100009be <alarm_pool_irq_handler+0x2c2>
100007bc:	2f00      	cmp	r7, #0
100007be:	da00      	bge.n	100007c2 <alarm_pool_irq_handler+0xc6>
100007c0:	e0e1      	b.n	10000986 <alarm_pool_irq_handler+0x28a>
100007c2:	4652      	mov	r2, sl
100007c4:	4653      	mov	r3, sl
100007c6:	6954      	ldr	r4, [r2, #20]
100007c8:	691b      	ldr	r3, [r3, #16]
100007ca:	9a01      	ldr	r2, [sp, #4]
100007cc:	4293      	cmp	r3, r2
100007ce:	d100      	bne.n	100007d2 <alarm_pool_irq_handler+0xd6>
100007d0:	e0d4      	b.n	1000097c <alarm_pool_irq_handler+0x280>
100007d2:	4641      	mov	r1, r8
100007d4:	4652      	mov	r2, sl
100007d6:	2008      	movs	r0, #8
100007d8:	5e08      	ldrsh	r0, [r1, r0]
100007da:	8852      	ldrh	r2, [r2, #2]
100007dc:	0400      	lsls	r0, r0, #16
100007de:	0021      	movs	r1, r4
100007e0:	4310      	orrs	r0, r2
100007e2:	4798      	blx	r3
100007e4:	0004      	movs	r4, r0
100007e6:	000d      	movs	r5, r1
100007e8:	0023      	movs	r3, r4
100007ea:	432b      	orrs	r3, r5
100007ec:	d100      	bne.n	100007f0 <alarm_pool_irq_handler+0xf4>
100007ee:	e0ca      	b.n	10000986 <alarm_pool_irq_handler+0x28a>
100007f0:	2d00      	cmp	r5, #0
100007f2:	db00      	blt.n	100007f6 <alarm_pool_irq_handler+0xfa>
100007f4:	e0e7      	b.n	100009c6 <alarm_pool_irq_handler+0x2ca>
100007f6:	0030      	movs	r0, r6
100007f8:	0039      	movs	r1, r7
100007fa:	1b00      	subs	r0, r0, r4
100007fc:	41a9      	sbcs	r1, r5
100007fe:	4653      	mov	r3, sl
10000800:	6098      	str	r0, [r3, #8]
10000802:	60d9      	str	r1, [r3, #12]
10000804:	2200      	movs	r2, #0
10000806:	5e9a      	ldrsh	r2, [r3, r2]
10000808:	2a00      	cmp	r2, #0
1000080a:	db8f      	blt.n	1000072c <alarm_pool_irq_handler+0x30>
1000080c:	4643      	mov	r3, r8
1000080e:	695d      	ldr	r5, [r3, #20]
10000810:	0053      	lsls	r3, r2, #1
10000812:	189c      	adds	r4, r3, r2
10000814:	00e4      	lsls	r4, r4, #3
10000816:	192c      	adds	r4, r5, r4
10000818:	68a7      	ldr	r7, [r4, #8]
1000081a:	68e4      	ldr	r4, [r4, #12]
1000081c:	428c      	cmp	r4, r1
1000081e:	dd00      	ble.n	10000822 <alarm_pool_irq_handler+0x126>
10000820:	e784      	b.n	1000072c <alarm_pool_irq_handler+0x30>
10000822:	d102      	bne.n	1000082a <alarm_pool_irq_handler+0x12e>
10000824:	4287      	cmp	r7, r0
10000826:	d900      	bls.n	1000082a <alarm_pool_irq_handler+0x12e>
10000828:	e780      	b.n	1000072c <alarm_pool_irq_handler+0x30>
1000082a:	4646      	mov	r6, r8
1000082c:	8132      	strh	r2, [r6, #8]
1000082e:	3608      	adds	r6, #8
10000830:	e00d      	b.n	1000084e <alarm_pool_irq_handler+0x152>
10000832:	428c      	cmp	r4, r1
10000834:	d100      	bne.n	10000838 <alarm_pool_irq_handler+0x13c>
10000836:	e0d3      	b.n	100009e0 <alarm_pool_irq_handler+0x2e4>
10000838:	001e      	movs	r6, r3
1000083a:	2300      	movs	r3, #0
1000083c:	5ef2      	ldrsh	r2, [r6, r3]
1000083e:	2a00      	cmp	r2, #0
10000840:	db0a      	blt.n	10000858 <alarm_pool_irq_handler+0x15c>
10000842:	0053      	lsls	r3, r2, #1
10000844:	189c      	adds	r4, r3, r2
10000846:	00e4      	lsls	r4, r4, #3
10000848:	192c      	adds	r4, r5, r4
1000084a:	68a7      	ldr	r7, [r4, #8]
1000084c:	68e4      	ldr	r4, [r4, #12]
1000084e:	189b      	adds	r3, r3, r2
10000850:	00db      	lsls	r3, r3, #3
10000852:	18eb      	adds	r3, r5, r3
10000854:	428c      	cmp	r4, r1
10000856:	ddec      	ble.n	10000832 <alarm_pool_irq_handler+0x136>
10000858:	4653      	mov	r3, sl
1000085a:	801a      	strh	r2, [r3, #0]
1000085c:	464b      	mov	r3, r9
1000085e:	8033      	strh	r3, [r6, #0]
10000860:	4643      	mov	r3, r8
10000862:	889b      	ldrh	r3, [r3, #4]
10000864:	b21b      	sxth	r3, r3
10000866:	2b00      	cmp	r3, #0
10000868:	da00      	bge.n	1000086c <alarm_pool_irq_handler+0x170>
1000086a:	e765      	b.n	10000738 <alarm_pool_irq_handler+0x3c>
1000086c:	4643      	mov	r3, r8
1000086e:	691a      	ldr	r2, [r3, #16]
10000870:	f3ef 8110 	mrs	r1, PRIMASK
10000874:	b672      	cpsid	i
10000876:	6813      	ldr	r3, [r2, #0]
10000878:	2b00      	cmp	r3, #0
1000087a:	d0fc      	beq.n	10000876 <alarm_pool_irq_handler+0x17a>
1000087c:	f3bf 8f5f 	dmb	sy
10000880:	4643      	mov	r3, r8
10000882:	889e      	ldrh	r6, [r3, #4]
10000884:	2301      	movs	r3, #1
10000886:	4642      	mov	r2, r8
10000888:	425b      	negs	r3, r3
1000088a:	8093      	strh	r3, [r2, #4]
1000088c:	b236      	sxth	r6, r6
1000088e:	6913      	ldr	r3, [r2, #16]
10000890:	f3bf 8f5f 	dmb	sy
10000894:	2200      	movs	r2, #0
10000896:	601a      	str	r2, [r3, #0]
10000898:	f381 8810 	msr	PRIMASK, r1
1000089c:	2e00      	cmp	r6, #0
1000089e:	da00      	bge.n	100008a2 <alarm_pool_irq_handler+0x1a6>
100008a0:	e74a      	b.n	10000738 <alarm_pool_irq_handler+0x3c>
100008a2:	4643      	mov	r3, r8
100008a4:	695d      	ldr	r5, [r3, #20]
100008a6:	3308      	adds	r3, #8
100008a8:	4642      	mov	r2, r8
100008aa:	469c      	mov	ip, r3
100008ac:	0077      	lsls	r7, r6, #1
100008ae:	19bf      	adds	r7, r7, r6
100008b0:	00ff      	lsls	r7, r7, #3
100008b2:	19ef      	adds	r7, r5, r7
100008b4:	68bb      	ldr	r3, [r7, #8]
100008b6:	4660      	mov	r0, ip
100008b8:	4698      	mov	r8, r3
100008ba:	2308      	movs	r3, #8
100008bc:	5ed1      	ldrsh	r1, [r2, r3]
100008be:	4692      	mov	sl, r2
100008c0:	68fc      	ldr	r4, [r7, #12]
100008c2:	2900      	cmp	r1, #0
100008c4:	da07      	bge.n	100008d6 <alarm_pool_irq_handler+0x1da>
100008c6:	e00e      	b.n	100008e6 <alarm_pool_irq_handler+0x1ea>
100008c8:	42a2      	cmp	r2, r4
100008ca:	d04f      	beq.n	1000096c <alarm_pool_irq_handler+0x270>
100008cc:	0018      	movs	r0, r3
100008ce:	2300      	movs	r3, #0
100008d0:	5ec1      	ldrsh	r1, [r0, r3]
100008d2:	2900      	cmp	r1, #0
100008d4:	db06      	blt.n	100008e4 <alarm_pool_irq_handler+0x1e8>
100008d6:	004b      	lsls	r3, r1, #1
100008d8:	185b      	adds	r3, r3, r1
100008da:	00db      	lsls	r3, r3, #3
100008dc:	18eb      	adds	r3, r5, r3
100008de:	68da      	ldr	r2, [r3, #12]
100008e0:	42a2      	cmp	r2, r4
100008e2:	ddf1      	ble.n	100008c8 <alarm_pool_irq_handler+0x1cc>
100008e4:	4652      	mov	r2, sl
100008e6:	8006      	strh	r6, [r0, #0]
100008e8:	2300      	movs	r3, #0
100008ea:	5efe      	ldrsh	r6, [r7, r3]
100008ec:	8039      	strh	r1, [r7, #0]
100008ee:	2e00      	cmp	r6, #0
100008f0:	dadc      	bge.n	100008ac <alarm_pool_irq_handler+0x1b0>
100008f2:	4690      	mov	r8, r2
100008f4:	4643      	mov	r3, r8
100008f6:	799b      	ldrb	r3, [r3, #6]
100008f8:	2b00      	cmp	r3, #0
100008fa:	d100      	bne.n	100008fe <alarm_pool_irq_handler+0x202>
100008fc:	e721      	b.n	10000742 <alarm_pool_irq_handler+0x46>
100008fe:	2300      	movs	r3, #0
10000900:	4642      	mov	r2, r8
10000902:	7193      	strb	r3, [r2, #6]
10000904:	4643      	mov	r3, r8
10000906:	4646      	mov	r6, r8
10000908:	2108      	movs	r1, #8
1000090a:	5e59      	ldrsh	r1, [r3, r1]
1000090c:	3608      	adds	r6, #8
1000090e:	1c4b      	adds	r3, r1, #1
10000910:	d024      	beq.n	1000095c <alarm_pool_irq_handler+0x260>
10000912:	4647      	mov	r7, r8
10000914:	4689      	mov	r9, r1
10000916:	6955      	ldr	r5, [r2, #20]
10000918:	e002      	b.n	10000920 <alarm_pool_irq_handler+0x224>
1000091a:	0006      	movs	r6, r0
1000091c:	1c4b      	adds	r3, r1, #1
1000091e:	d018      	beq.n	10000952 <alarm_pool_irq_handler+0x256>
10000920:	004b      	lsls	r3, r1, #1
10000922:	185b      	adds	r3, r3, r1
10000924:	00db      	lsls	r3, r3, #3
10000926:	18e8      	adds	r0, r5, r3
10000928:	000a      	movs	r2, r1
1000092a:	468c      	mov	ip, r1
1000092c:	5ee9      	ldrsh	r1, [r5, r3]
1000092e:	8843      	ldrh	r3, [r0, #2]
10000930:	b21b      	sxth	r3, r3
10000932:	2b00      	cmp	r3, #0
10000934:	daf1      	bge.n	1000091a <alarm_pool_irq_handler+0x21e>
10000936:	2301      	movs	r3, #1
10000938:	425b      	negs	r3, r3
1000093a:	17dc      	asrs	r4, r3, #31
1000093c:	6083      	str	r3, [r0, #8]
1000093e:	60c4      	str	r4, [r0, #12]
10000940:	454a      	cmp	r2, r9
10000942:	d003      	beq.n	1000094c <alarm_pool_irq_handler+0x250>
10000944:	8031      	strh	r1, [r6, #0]
10000946:	893b      	ldrh	r3, [r7, #8]
10000948:	8003      	strh	r3, [r0, #0]
1000094a:	813a      	strh	r2, [r7, #8]
1000094c:	46e1      	mov	r9, ip
1000094e:	1c4b      	adds	r3, r1, #1
10000950:	d1e6      	bne.n	10000920 <alarm_pool_irq_handler+0x224>
10000952:	464c      	mov	r4, r9
10000954:	46b8      	mov	r8, r7
10000956:	2c00      	cmp	r4, #0
10000958:	db00      	blt.n	1000095c <alarm_pool_irq_handler+0x260>
1000095a:	e6f8      	b.n	1000074e <alarm_pool_irq_handler+0x52>
1000095c:	bf40      	sev
1000095e:	b003      	add	sp, #12
10000960:	bcf0      	pop	{r4, r5, r6, r7}
10000962:	46bb      	mov	fp, r7
10000964:	46b2      	mov	sl, r6
10000966:	46a9      	mov	r9, r5
10000968:	46a0      	mov	r8, r4
1000096a:	bdf0      	pop	{r4, r5, r6, r7, pc}
1000096c:	689a      	ldr	r2, [r3, #8]
1000096e:	4542      	cmp	r2, r8
10000970:	d9ac      	bls.n	100008cc <alarm_pool_irq_handler+0x1d0>
10000972:	e7b7      	b.n	100008e4 <alarm_pool_irq_handler+0x1e8>
10000974:	1c63      	adds	r3, r4, #1
10000976:	d000      	beq.n	1000097a <alarm_pool_irq_handler+0x27e>
10000978:	e6f4      	b.n	10000764 <alarm_pool_irq_handler+0x68>
1000097a:	e6fe      	b.n	1000077a <alarm_pool_irq_handler+0x7e>
1000097c:	0020      	movs	r0, r4
1000097e:	6923      	ldr	r3, [r4, #16]
10000980:	4798      	blx	r3
10000982:	2800      	cmp	r0, #0
10000984:	d125      	bne.n	100009d2 <alarm_pool_irq_handler+0x2d6>
10000986:	4653      	mov	r3, sl
10000988:	4642      	mov	r2, r8
1000098a:	881b      	ldrh	r3, [r3, #0]
1000098c:	8113      	strh	r3, [r2, #8]
1000098e:	6912      	ldr	r2, [r2, #16]
10000990:	f3ef 8310 	mrs	r3, PRIMASK
10000994:	b672      	cpsid	i
10000996:	6811      	ldr	r1, [r2, #0]
10000998:	2900      	cmp	r1, #0
1000099a:	d0fc      	beq.n	10000996 <alarm_pool_irq_handler+0x29a>
1000099c:	f3bf 8f5f 	dmb	sy
100009a0:	4642      	mov	r2, r8
100009a2:	4651      	mov	r1, sl
100009a4:	8852      	ldrh	r2, [r2, #2]
100009a6:	800a      	strh	r2, [r1, #0]
100009a8:	4642      	mov	r2, r8
100009aa:	4649      	mov	r1, r9
100009ac:	8051      	strh	r1, [r2, #2]
100009ae:	6912      	ldr	r2, [r2, #16]
100009b0:	f3bf 8f5f 	dmb	sy
100009b4:	2100      	movs	r1, #0
100009b6:	6011      	str	r1, [r2, #0]
100009b8:	f383 8810 	msr	PRIMASK, r3
100009bc:	e6b6      	b.n	1000072c <alarm_pool_irq_handler+0x30>
100009be:	4286      	cmp	r6, r0
100009c0:	d800      	bhi.n	100009c4 <alarm_pool_irq_handler+0x2c8>
100009c2:	e6fb      	b.n	100007bc <alarm_pool_irq_handler+0xc0>
100009c4:	e6b2      	b.n	1000072c <alarm_pool_irq_handler+0x30>
100009c6:	480b      	ldr	r0, [pc, #44]	@ (100009f4 <alarm_pool_irq_handler+0x2f8>)
100009c8:	f000 fa18 	bl	10000dfc <timer_time_us_64>
100009cc:	1900      	adds	r0, r0, r4
100009ce:	4169      	adcs	r1, r5
100009d0:	e715      	b.n	100007fe <alarm_pool_irq_handler+0x102>
100009d2:	6865      	ldr	r5, [r4, #4]
100009d4:	6824      	ldr	r4, [r4, #0]
100009d6:	e707      	b.n	100007e8 <alarm_pool_irq_handler+0xec>
100009d8:	4285      	cmp	r5, r0
100009da:	d800      	bhi.n	100009de <alarm_pool_irq_handler+0x2e2>
100009dc:	e6d5      	b.n	1000078a <alarm_pool_irq_handler+0x8e>
100009de:	e7bd      	b.n	1000095c <alarm_pool_irq_handler+0x260>
100009e0:	4287      	cmp	r7, r0
100009e2:	d800      	bhi.n	100009e6 <alarm_pool_irq_handler+0x2ea>
100009e4:	e728      	b.n	10000838 <alarm_pool_irq_handler+0x13c>
100009e6:	e737      	b.n	10000858 <alarm_pool_irq_handler+0x15c>
100009e8:	200004b8 	.word	0x200004b8
100009ec:	4005703c 	.word	0x4005703c
100009f0:	100006fd 	.word	0x100006fd
100009f4:	40054000 	.word	0x40054000

100009f8 <runtime_init_default_alarm_pool>:
100009f8:	b570      	push	{r4, r5, r6, lr}
100009fa:	4c2e      	ldr	r4, [pc, #184]	@ (10000ab4 <runtime_init_default_alarm_pool+0xbc>)
100009fc:	6925      	ldr	r5, [r4, #16]
100009fe:	2d00      	cmp	r5, #0
10000a00:	d004      	beq.n	10000a0c <runtime_init_default_alarm_pool+0x14>
10000a02:	210a      	movs	r1, #10
10000a04:	482c      	ldr	r0, [pc, #176]	@ (10000ab8 <runtime_init_default_alarm_pool+0xc0>)
10000a06:	f7ff fe31 	bl	1000066c <lock_init>
10000a0a:	bd70      	pop	{r4, r5, r6, pc}
10000a0c:	4e2b      	ldr	r6, [pc, #172]	@ (10000abc <runtime_init_default_alarm_pool+0xc4>)
10000a0e:	2103      	movs	r1, #3
10000a10:	0030      	movs	r0, r6
10000a12:	f000 f9e9 	bl	10000de8 <timer_hardware_alarm_claim>
10000a16:	60e6      	str	r6, [r4, #12]
10000a18:	f7ff fdc0 	bl	1000059c <next_striped_spin_lock_num>
10000a1c:	4b28      	ldr	r3, [pc, #160]	@ (10000ac0 <runtime_init_default_alarm_pool+0xc8>)
10000a1e:	2203      	movs	r2, #3
10000a20:	469c      	mov	ip, r3
10000a22:	23d0      	movs	r3, #208	@ 0xd0
10000a24:	7022      	strb	r2, [r4, #0]
10000a26:	061b      	lsls	r3, r3, #24
10000a28:	681b      	ldr	r3, [r3, #0]
10000a2a:	2101      	movs	r1, #1
10000a2c:	7063      	strb	r3, [r4, #1]
10000a2e:	4b25      	ldr	r3, [pc, #148]	@ (10000ac4 <runtime_init_default_alarm_pool+0xcc>)
10000a30:	4460      	add	r0, ip
10000a32:	60a3      	str	r3, [r4, #8]
10000a34:	230f      	movs	r3, #15
10000a36:	0080      	lsls	r0, r0, #2
10000a38:	6120      	str	r0, [r4, #16]
10000a3a:	2002      	movs	r0, #2
10000a3c:	8063      	strh	r3, [r4, #2]
10000a3e:	6963      	ldr	r3, [r4, #20]
10000a40:	4249      	negs	r1, r1
10000a42:	80a1      	strh	r1, [r4, #4]
10000a44:	8019      	strh	r1, [r3, #0]
10000a46:	3102      	adds	r1, #2
10000a48:	8619      	strh	r1, [r3, #48]	@ 0x30
10000a4a:	3147      	adds	r1, #71	@ 0x47
10000a4c:	831d      	strh	r5, [r3, #24]
10000a4e:	5258      	strh	r0, [r3, r1]
10000a50:	3118      	adds	r1, #24
10000a52:	525a      	strh	r2, [r3, r1]
10000a54:	3275      	adds	r2, #117	@ 0x75
10000a56:	395c      	subs	r1, #92	@ 0x5c
10000a58:	5299      	strh	r1, [r3, r2]
10000a5a:	3218      	adds	r2, #24
10000a5c:	3101      	adds	r1, #1
10000a5e:	5299      	strh	r1, [r3, r2]
10000a60:	3218      	adds	r2, #24
10000a62:	3101      	adds	r1, #1
10000a64:	5299      	strh	r1, [r3, r2]
10000a66:	3218      	adds	r2, #24
10000a68:	3101      	adds	r1, #1
10000a6a:	5299      	strh	r1, [r3, r2]
10000a6c:	3508      	adds	r5, #8
10000a6e:	3218      	adds	r2, #24
10000a70:	529d      	strh	r5, [r3, r2]
10000a72:	3102      	adds	r1, #2
10000a74:	3218      	adds	r2, #24
10000a76:	5299      	strh	r1, [r3, r2]
10000a78:	3218      	adds	r2, #24
10000a7a:	3101      	adds	r1, #1
10000a7c:	5299      	strh	r1, [r3, r2]
10000a7e:	3218      	adds	r2, #24
10000a80:	3101      	adds	r1, #1
10000a82:	5299      	strh	r1, [r3, r2]
10000a84:	3218      	adds	r2, #24
10000a86:	3101      	adds	r1, #1
10000a88:	5299      	strh	r1, [r3, r2]
10000a8a:	3218      	adds	r2, #24
10000a8c:	3101      	adds	r1, #1
10000a8e:	5299      	strh	r1, [r3, r2]
10000a90:	3218      	adds	r2, #24
10000a92:	3101      	adds	r1, #1
10000a94:	5299      	strh	r1, [r3, r2]
10000a96:	4b0c      	ldr	r3, [pc, #48]	@ (10000ac8 <runtime_init_default_alarm_pool+0xd0>)
10000a98:	490c      	ldr	r1, [pc, #48]	@ (10000acc <runtime_init_default_alarm_pool+0xd4>)
10000a9a:	60dc      	str	r4, [r3, #12]
10000a9c:	3001      	adds	r0, #1
10000a9e:	6235      	str	r5, [r6, #32]
10000aa0:	f7ff fdba 	bl	10000618 <irq_set_exclusive_handler>
10000aa4:	2101      	movs	r1, #1
10000aa6:	2003      	movs	r0, #3
10000aa8:	f7ff fda4 	bl	100005f4 <irq_set_enabled>
10000aac:	4b08      	ldr	r3, [pc, #32]	@ (10000ad0 <runtime_init_default_alarm_pool+0xd8>)
10000aae:	601d      	str	r5, [r3, #0]
10000ab0:	e7a7      	b.n	10000a02 <runtime_init_default_alarm_pool+0xa>
10000ab2:	46c0      	nop			@ (mov r8, r8)
10000ab4:	2000019c 	.word	0x2000019c
10000ab8:	200005cc 	.word	0x200005cc
10000abc:	40054000 	.word	0x40054000
10000ac0:	34000040 	.word	0x34000040
10000ac4:	0010ffff 	.word	0x0010ffff
10000ac8:	200004b8 	.word	0x200004b8
10000acc:	100006fd 	.word	0x100006fd
10000ad0:	40056038 	.word	0x40056038

10000ad4 <alarm_pool_add_alarm_at_force_in_context>:
10000ad4:	b570      	push	{r4, r5, r6, lr}
10000ad6:	0001      	movs	r1, r0
10000ad8:	6904      	ldr	r4, [r0, #16]
10000ada:	f3ef 8c10 	mrs	ip, PRIMASK
10000ade:	b672      	cpsid	i
10000ae0:	6820      	ldr	r0, [r4, #0]
10000ae2:	2800      	cmp	r0, #0
10000ae4:	d0fc      	beq.n	10000ae0 <alarm_pool_add_alarm_at_force_in_context+0xc>
10000ae6:	f3bf 8f5f 	dmb	sy
10000aea:	2002      	movs	r0, #2
10000aec:	5e0d      	ldrsh	r5, [r1, r0]
10000aee:	694c      	ldr	r4, [r1, #20]
10000af0:	0068      	lsls	r0, r5, #1
10000af2:	1940      	adds	r0, r0, r5
10000af4:	00c0      	lsls	r0, r0, #3
10000af6:	1824      	adds	r4, r4, r0
10000af8:	2d00      	cmp	r5, #0
10000afa:	db37      	blt.n	10000b6c <alarm_pool_add_alarm_at_force_in_context+0x98>
10000afc:	8820      	ldrh	r0, [r4, #0]
10000afe:	8048      	strh	r0, [r1, #2]
10000b00:	6908      	ldr	r0, [r1, #16]
10000b02:	f3bf 8f5f 	dmb	sy
10000b06:	2600      	movs	r6, #0
10000b08:	6006      	str	r6, [r0, #0]
10000b0a:	f38c 8810 	msr	PRIMASK, ip
10000b0e:	60e3      	str	r3, [r4, #12]
10000b10:	8863      	ldrh	r3, [r4, #2]
10000b12:	9804      	ldr	r0, [sp, #16]
10000b14:	3301      	adds	r3, #1
10000b16:	6120      	str	r0, [r4, #16]
10000b18:	045b      	lsls	r3, r3, #17
10000b1a:	9805      	ldr	r0, [sp, #20]
10000b1c:	0c5b      	lsrs	r3, r3, #17
10000b1e:	60a2      	str	r2, [r4, #8]
10000b20:	6160      	str	r0, [r4, #20]
10000b22:	1c1a      	adds	r2, r3, #0
10000b24:	2b00      	cmp	r3, #0
10000b26:	d01f      	beq.n	10000b68 <alarm_pool_add_alarm_at_force_in_context+0x94>
10000b28:	b293      	uxth	r3, r2
10000b2a:	0428      	lsls	r0, r5, #16
10000b2c:	8062      	strh	r2, [r4, #2]
10000b2e:	4318      	orrs	r0, r3
10000b30:	690a      	ldr	r2, [r1, #16]
10000b32:	f3ef 8c10 	mrs	ip, PRIMASK
10000b36:	b672      	cpsid	i
10000b38:	6813      	ldr	r3, [r2, #0]
10000b3a:	2b00      	cmp	r3, #0
10000b3c:	d0fc      	beq.n	10000b38 <alarm_pool_add_alarm_at_force_in_context+0x64>
10000b3e:	f3bf 8f5f 	dmb	sy
10000b42:	888b      	ldrh	r3, [r1, #4]
10000b44:	8023      	strh	r3, [r4, #0]
10000b46:	808d      	strh	r5, [r1, #4]
10000b48:	690b      	ldr	r3, [r1, #16]
10000b4a:	f3bf 8f5f 	dmb	sy
10000b4e:	2200      	movs	r2, #0
10000b50:	601a      	str	r2, [r3, #0]
10000b52:	f38c 8810 	msr	PRIMASK, ip
10000b56:	780b      	ldrb	r3, [r1, #0]
10000b58:	3201      	adds	r2, #1
10000b5a:	409a      	lsls	r2, r3
10000b5c:	68cb      	ldr	r3, [r1, #12]
10000b5e:	4908      	ldr	r1, [pc, #32]	@ (10000b80 <alarm_pool_add_alarm_at_force_in_context+0xac>)
10000b60:	468c      	mov	ip, r1
10000b62:	4463      	add	r3, ip
10000b64:	601a      	str	r2, [r3, #0]
10000b66:	bd70      	pop	{r4, r5, r6, pc}
10000b68:	2201      	movs	r2, #1
10000b6a:	e7dd      	b.n	10000b28 <alarm_pool_add_alarm_at_force_in_context+0x54>
10000b6c:	690b      	ldr	r3, [r1, #16]
10000b6e:	f3bf 8f5f 	dmb	sy
10000b72:	2200      	movs	r2, #0
10000b74:	601a      	str	r2, [r3, #0]
10000b76:	f38c 8810 	msr	PRIMASK, ip
10000b7a:	2001      	movs	r0, #1
10000b7c:	4240      	negs	r0, r0
10000b7e:	e7f2      	b.n	10000b66 <alarm_pool_add_alarm_at_force_in_context+0x92>
10000b80:	0000203c 	.word	0x0000203c

10000b84 <alarm_pool_cancel_alarm>:
10000b84:	b510      	push	{r4, lr}
10000b86:	8943      	ldrh	r3, [r0, #10]
10000b88:	140a      	asrs	r2, r1, #16
10000b8a:	4293      	cmp	r3, r2
10000b8c:	dd1a      	ble.n	10000bc4 <alarm_pool_cancel_alarm+0x40>
10000b8e:	0053      	lsls	r3, r2, #1
10000b90:	189b      	adds	r3, r3, r2
10000b92:	6942      	ldr	r2, [r0, #20]
10000b94:	00db      	lsls	r3, r3, #3
10000b96:	18d3      	adds	r3, r2, r3
10000b98:	6904      	ldr	r4, [r0, #16]
10000b9a:	f3ef 8c10 	mrs	ip, PRIMASK
10000b9e:	b672      	cpsid	i
10000ba0:	6822      	ldr	r2, [r4, #0]
10000ba2:	2a00      	cmp	r2, #0
10000ba4:	d0fc      	beq.n	10000ba0 <alarm_pool_cancel_alarm+0x1c>
10000ba6:	f3bf 8f5f 	dmb	sy
10000baa:	885a      	ldrh	r2, [r3, #2]
10000bac:	0409      	lsls	r1, r1, #16
10000bae:	b294      	uxth	r4, r2
10000bb0:	0c09      	lsrs	r1, r1, #16
10000bb2:	428a      	cmp	r2, r1
10000bb4:	d008      	beq.n	10000bc8 <alarm_pool_cancel_alarm+0x44>
10000bb6:	6903      	ldr	r3, [r0, #16]
10000bb8:	f3bf 8f5f 	dmb	sy
10000bbc:	2200      	movs	r2, #0
10000bbe:	601a      	str	r2, [r3, #0]
10000bc0:	f38c 8810 	msr	PRIMASK, ip
10000bc4:	2000      	movs	r0, #0
10000bc6:	bd10      	pop	{r4, pc}
10000bc8:	2280      	movs	r2, #128	@ 0x80
10000bca:	0212      	lsls	r2, r2, #8
10000bcc:	4314      	orrs	r4, r2
10000bce:	805c      	strh	r4, [r3, #2]
10000bd0:	2301      	movs	r3, #1
10000bd2:	6902      	ldr	r2, [r0, #16]
10000bd4:	7183      	strb	r3, [r0, #6]
10000bd6:	f3bf 8f5f 	dmb	sy
10000bda:	2100      	movs	r1, #0
10000bdc:	6011      	str	r1, [r2, #0]
10000bde:	f38c 8810 	msr	PRIMASK, ip
10000be2:	4904      	ldr	r1, [pc, #16]	@ (10000bf4 <alarm_pool_cancel_alarm+0x70>)
10000be4:	7802      	ldrb	r2, [r0, #0]
10000be6:	468c      	mov	ip, r1
10000be8:	4093      	lsls	r3, r2
10000bea:	68c2      	ldr	r2, [r0, #12]
10000bec:	2001      	movs	r0, #1
10000bee:	4462      	add	r2, ip
10000bf0:	6013      	str	r3, [r2, #0]
10000bf2:	e7e8      	b.n	10000bc6 <alarm_pool_cancel_alarm+0x42>
10000bf4:	0000203c 	.word	0x0000203c

10000bf8 <sleep_until>:
10000bf8:	b5f0      	push	{r4, r5, r6, r7, lr}
10000bfa:	0004      	movs	r4, r0
10000bfc:	000d      	movs	r5, r1
10000bfe:	2606      	movs	r6, #6
10000c00:	4276      	negs	r6, r6
10000c02:	17f7      	asrs	r7, r6, #31
10000c04:	46c6      	mov	lr, r8
10000c06:	1936      	adds	r6, r6, r4
10000c08:	416f      	adcs	r7, r5
10000c0a:	b500      	push	{lr}
10000c0c:	b082      	sub	sp, #8
10000c0e:	428f      	cmp	r7, r1
10000c10:	d814      	bhi.n	10000c3c <sleep_until+0x44>
10000c12:	d011      	beq.n	10000c38 <sleep_until+0x40>
10000c14:	f000 f8fa 	bl	10000e0c <time_us_64>
10000c18:	0032      	movs	r2, r6
10000c1a:	003b      	movs	r3, r7
10000c1c:	1a12      	subs	r2, r2, r0
10000c1e:	418b      	sbcs	r3, r1
10000c20:	2b00      	cmp	r3, #0
10000c22:	dc17      	bgt.n	10000c54 <sleep_until+0x5c>
10000c24:	2b00      	cmp	r3, #0
10000c26:	d047      	beq.n	10000cb8 <sleep_until+0xc0>
10000c28:	0020      	movs	r0, r4
10000c2a:	0029      	movs	r1, r5
10000c2c:	f000 f8f8 	bl	10000e20 <busy_wait_until>
10000c30:	b002      	add	sp, #8
10000c32:	bc80      	pop	{r7}
10000c34:	46b8      	mov	r8, r7
10000c36:	bdf0      	pop	{r4, r5, r6, r7, pc}
10000c38:	4286      	cmp	r6, r0
10000c3a:	d9eb      	bls.n	10000c14 <sleep_until+0x1c>
10000c3c:	2200      	movs	r2, #0
10000c3e:	2300      	movs	r3, #0
10000c40:	0016      	movs	r6, r2
10000c42:	001f      	movs	r7, r3
10000c44:	f000 f8e2 	bl	10000e0c <time_us_64>
10000c48:	0032      	movs	r2, r6
10000c4a:	003b      	movs	r3, r7
10000c4c:	1a12      	subs	r2, r2, r0
10000c4e:	418b      	sbcs	r3, r1
10000c50:	2b00      	cmp	r3, #0
10000c52:	dde7      	ble.n	10000c24 <sleep_until+0x2c>
10000c54:	f000 f8da 	bl	10000e0c <time_us_64>
10000c58:	0032      	movs	r2, r6
10000c5a:	003b      	movs	r3, r7
10000c5c:	1a12      	subs	r2, r2, r0
10000c5e:	418b      	sbcs	r3, r1
10000c60:	2b00      	cmp	r3, #0
10000c62:	db0a      	blt.n	10000c7a <sleep_until+0x82>
10000c64:	2300      	movs	r3, #0
10000c66:	9301      	str	r3, [sp, #4]
10000c68:	4b15      	ldr	r3, [pc, #84]	@ (10000cc0 <sleep_until+0xc8>)
10000c6a:	0032      	movs	r2, r6
10000c6c:	9300      	str	r3, [sp, #0]
10000c6e:	4815      	ldr	r0, [pc, #84]	@ (10000cc4 <sleep_until+0xcc>)
10000c70:	003b      	movs	r3, r7
10000c72:	f7ff ff2f 	bl	10000ad4 <alarm_pool_add_alarm_at_force_in_context>
10000c76:	2800      	cmp	r0, #0
10000c78:	dbd6      	blt.n	10000c28 <sleep_until+0x30>
10000c7a:	2300      	movs	r3, #0
10000c7c:	469c      	mov	ip, r3
10000c7e:	46b0      	mov	r8, r6
10000c80:	4a11      	ldr	r2, [pc, #68]	@ (10000cc8 <sleep_until+0xd0>)
10000c82:	4e12      	ldr	r6, [pc, #72]	@ (10000ccc <sleep_until+0xd4>)
10000c84:	6a73      	ldr	r3, [r6, #36]	@ 0x24
10000c86:	429f      	cmp	r7, r3
10000c88:	d804      	bhi.n	10000c94 <sleep_until+0x9c>
10000c8a:	6ab1      	ldr	r1, [r6, #40]	@ 0x28
10000c8c:	4588      	cmp	r8, r1
10000c8e:	d9cb      	bls.n	10000c28 <sleep_until+0x30>
10000c90:	429f      	cmp	r7, r3
10000c92:	d1c9      	bne.n	10000c28 <sleep_until+0x30>
10000c94:	6811      	ldr	r1, [r2, #0]
10000c96:	f3ef 8010 	mrs	r0, PRIMASK
10000c9a:	b672      	cpsid	i
10000c9c:	680b      	ldr	r3, [r1, #0]
10000c9e:	2b00      	cmp	r3, #0
10000ca0:	d0fc      	beq.n	10000c9c <sleep_until+0xa4>
10000ca2:	f3bf 8f5f 	dmb	sy
10000ca6:	6813      	ldr	r3, [r2, #0]
10000ca8:	f3bf 8f5f 	dmb	sy
10000cac:	4661      	mov	r1, ip
10000cae:	6019      	str	r1, [r3, #0]
10000cb0:	f380 8810 	msr	PRIMASK, r0
10000cb4:	bf20      	wfe
10000cb6:	e7e5      	b.n	10000c84 <sleep_until+0x8c>
10000cb8:	2a00      	cmp	r2, #0
10000cba:	d0b5      	beq.n	10000c28 <sleep_until+0x30>
10000cbc:	e7ca      	b.n	10000c54 <sleep_until+0x5c>
10000cbe:	46c0      	nop			@ (mov r8, r8)
10000cc0:	100006cd 	.word	0x100006cd
10000cc4:	2000019c 	.word	0x2000019c
10000cc8:	200005cc 	.word	0x200005cc
10000ccc:	40054000 	.word	0x40054000

10000cd0 <sleep_ms>:
10000cd0:	b570      	push	{r4, r5, r6, lr}
10000cd2:	0006      	movs	r6, r0
10000cd4:	f000 f89a 	bl	10000e0c <time_us_64>
10000cd8:	22fa      	movs	r2, #250	@ 0xfa
10000cda:	0004      	movs	r4, r0
10000cdc:	000d      	movs	r5, r1
10000cde:	2300      	movs	r3, #0
10000ce0:	0030      	movs	r0, r6
10000ce2:	2100      	movs	r1, #0
10000ce4:	0092      	lsls	r2, r2, #2
10000ce6:	f000 fbb1 	bl	1000144c <__wrap___aeabi_lmul>
10000cea:	2380      	movs	r3, #128	@ 0x80
10000cec:	1900      	adds	r0, r0, r4
10000cee:	4169      	adcs	r1, r5
10000cf0:	061b      	lsls	r3, r3, #24
10000cf2:	4299      	cmp	r1, r3
10000cf4:	d302      	bcc.n	10000cfc <sleep_ms+0x2c>
10000cf6:	2001      	movs	r0, #1
10000cf8:	4902      	ldr	r1, [pc, #8]	@ (10000d04 <sleep_ms+0x34>)
10000cfa:	4240      	negs	r0, r0
10000cfc:	f7ff ff7c 	bl	10000bf8 <sleep_until>
10000d00:	bd70      	pop	{r4, r5, r6, pc}
10000d02:	46c0      	nop			@ (mov r8, r8)
10000d04:	7fffffff 	.word	0x7fffffff

10000d08 <best_effort_wfe_or_timeout>:
10000d08:	b5f0      	push	{r4, r5, r6, r7, lr}
10000d0a:	46ce      	mov	lr, r9
10000d0c:	4647      	mov	r7, r8
10000d0e:	b580      	push	{r7, lr}
10000d10:	0004      	movs	r4, r0
10000d12:	000d      	movs	r5, r1
10000d14:	b083      	sub	sp, #12
10000d16:	f3ef 8705 	mrs	r7, IPSR
10000d1a:	4688      	mov	r8, r1
10000d1c:	2f00      	cmp	r7, #0
10000d1e:	d13e      	bne.n	10000d9e <best_effort_wfe_or_timeout+0x96>
10000d20:	4e2e      	ldr	r6, [pc, #184]	@ (10000ddc <best_effort_wfe_or_timeout+0xd4>)
10000d22:	46a1      	mov	r9, r4
10000d24:	7833      	ldrb	r3, [r6, #0]
10000d26:	68f0      	ldr	r0, [r6, #12]
10000d28:	3304      	adds	r3, #4
10000d2a:	009b      	lsls	r3, r3, #2
10000d2c:	6a81      	ldr	r1, [r0, #40]	@ 0x28
10000d2e:	581b      	ldr	r3, [r3, r0]
10000d30:	1a60      	subs	r0, r4, r1
10000d32:	1a5b      	subs	r3, r3, r1
10000d34:	4298      	cmp	r0, r3
10000d36:	d30e      	bcc.n	10000d56 <best_effort_wfe_or_timeout+0x4e>
10000d38:	bf20      	wfe
10000d3a:	4929      	ldr	r1, [pc, #164]	@ (10000de0 <best_effort_wfe_or_timeout+0xd8>)
10000d3c:	2000      	movs	r0, #0
10000d3e:	6a4b      	ldr	r3, [r1, #36]	@ 0x24
10000d40:	42ab      	cmp	r3, r5
10000d42:	d303      	bcc.n	10000d4c <best_effort_wfe_or_timeout+0x44>
10000d44:	6a8a      	ldr	r2, [r1, #40]	@ 0x28
10000d46:	3001      	adds	r0, #1
10000d48:	4294      	cmp	r4, r2
10000d4a:	d831      	bhi.n	10000db0 <best_effort_wfe_or_timeout+0xa8>
10000d4c:	b003      	add	sp, #12
10000d4e:	bcc0      	pop	{r6, r7}
10000d50:	46b9      	mov	r9, r7
10000d52:	46b0      	mov	r8, r6
10000d54:	bdf0      	pop	{r4, r5, r6, r7, pc}
10000d56:	f000 f859 	bl	10000e0c <time_us_64>
10000d5a:	0022      	movs	r2, r4
10000d5c:	002b      	movs	r3, r5
10000d5e:	1a12      	subs	r2, r2, r0
10000d60:	418b      	sbcs	r3, r1
10000d62:	2b00      	cmp	r3, #0
10000d64:	db2f      	blt.n	10000dc6 <best_effort_wfe_or_timeout+0xbe>
10000d66:	4b1f      	ldr	r3, [pc, #124]	@ (10000de4 <best_effort_wfe_or_timeout+0xdc>)
10000d68:	0022      	movs	r2, r4
10000d6a:	9300      	str	r3, [sp, #0]
10000d6c:	0030      	movs	r0, r6
10000d6e:	002b      	movs	r3, r5
10000d70:	9701      	str	r7, [sp, #4]
10000d72:	f7ff feaf 	bl	10000ad4 <alarm_pool_add_alarm_at_force_in_context>
10000d76:	1e01      	subs	r1, r0, #0
10000d78:	dd25      	ble.n	10000dc6 <best_effort_wfe_or_timeout+0xbe>
10000d7a:	4b19      	ldr	r3, [pc, #100]	@ (10000de0 <best_effort_wfe_or_timeout+0xd8>)
10000d7c:	6a5a      	ldr	r2, [r3, #36]	@ 0x24
10000d7e:	42aa      	cmp	r2, r5
10000d80:	d21b      	bcs.n	10000dba <best_effort_wfe_or_timeout+0xb2>
10000d82:	bf20      	wfe
10000d84:	0030      	movs	r0, r6
10000d86:	f7ff fefd 	bl	10000b84 <alarm_pool_cancel_alarm>
10000d8a:	4a15      	ldr	r2, [pc, #84]	@ (10000de0 <best_effort_wfe_or_timeout+0xd8>)
10000d8c:	2000      	movs	r0, #0
10000d8e:	6a53      	ldr	r3, [r2, #36]	@ 0x24
10000d90:	4543      	cmp	r3, r8
10000d92:	d3db      	bcc.n	10000d4c <best_effort_wfe_or_timeout+0x44>
10000d94:	6a92      	ldr	r2, [r2, #40]	@ 0x28
10000d96:	3001      	adds	r0, #1
10000d98:	4591      	cmp	r9, r2
10000d9a:	d9d7      	bls.n	10000d4c <best_effort_wfe_or_timeout+0x44>
10000d9c:	e008      	b.n	10000db0 <best_effort_wfe_or_timeout+0xa8>
10000d9e:	4910      	ldr	r1, [pc, #64]	@ (10000de0 <best_effort_wfe_or_timeout+0xd8>)
10000da0:	2000      	movs	r0, #0
10000da2:	6a4b      	ldr	r3, [r1, #36]	@ 0x24
10000da4:	42ab      	cmp	r3, r5
10000da6:	d3d1      	bcc.n	10000d4c <best_effort_wfe_or_timeout+0x44>
10000da8:	6a8a      	ldr	r2, [r1, #40]	@ 0x28
10000daa:	3001      	adds	r0, #1
10000dac:	42a2      	cmp	r2, r4
10000dae:	d2cd      	bcs.n	10000d4c <best_effort_wfe_or_timeout+0x44>
10000db0:	1b5b      	subs	r3, r3, r5
10000db2:	1e5a      	subs	r2, r3, #1
10000db4:	4193      	sbcs	r3, r2
10000db6:	b2d8      	uxtb	r0, r3
10000db8:	e7c8      	b.n	10000d4c <best_effort_wfe_or_timeout+0x44>
10000dba:	6a9b      	ldr	r3, [r3, #40]	@ 0x28
10000dbc:	429c      	cmp	r4, r3
10000dbe:	d9e1      	bls.n	10000d84 <best_effort_wfe_or_timeout+0x7c>
10000dc0:	42aa      	cmp	r2, r5
10000dc2:	d1df      	bne.n	10000d84 <best_effort_wfe_or_timeout+0x7c>
10000dc4:	e7dd      	b.n	10000d82 <best_effort_wfe_or_timeout+0x7a>
10000dc6:	4a06      	ldr	r2, [pc, #24]	@ (10000de0 <best_effort_wfe_or_timeout+0xd8>)
10000dc8:	2000      	movs	r0, #0
10000dca:	6a53      	ldr	r3, [r2, #36]	@ 0x24
10000dcc:	4543      	cmp	r3, r8
10000dce:	d3bd      	bcc.n	10000d4c <best_effort_wfe_or_timeout+0x44>
10000dd0:	6a92      	ldr	r2, [r2, #40]	@ 0x28
10000dd2:	2001      	movs	r0, #1
10000dd4:	4591      	cmp	r9, r2
10000dd6:	d9b9      	bls.n	10000d4c <best_effort_wfe_or_timeout+0x44>
10000dd8:	e7ea      	b.n	10000db0 <best_effort_wfe_or_timeout+0xa8>
10000dda:	46c0      	nop			@ (mov r8, r8)
10000ddc:	2000019c 	.word	0x2000019c
10000de0:	40054000 	.word	0x40054000
10000de4:	100006cd 	.word	0x100006cd

10000de8 <timer_hardware_alarm_claim>:
10000de8:	b510      	push	{r4, lr}
10000dea:	4a02      	ldr	r2, [pc, #8]	@ (10000df4 <timer_hardware_alarm_claim+0xc>)
10000dec:	4802      	ldr	r0, [pc, #8]	@ (10000df8 <timer_hardware_alarm_claim+0x10>)
10000dee:	f7ff fbb3 	bl	10000558 <hw_claim_or_assert>
10000df2:	bd10      	pop	{r4, pc}
10000df4:	100018dc 	.word	0x100018dc
10000df8:	20000468 	.word	0x20000468

10000dfc <timer_time_us_64>:
10000dfc:	0003      	movs	r3, r0
10000dfe:	6a41      	ldr	r1, [r0, #36]	@ 0x24
10000e00:	000a      	movs	r2, r1
10000e02:	6a98      	ldr	r0, [r3, #40]	@ 0x28
10000e04:	6a59      	ldr	r1, [r3, #36]	@ 0x24
10000e06:	428a      	cmp	r2, r1
10000e08:	d1fa      	bne.n	10000e00 <timer_time_us_64+0x4>
10000e0a:	4770      	bx	lr

10000e0c <time_us_64>:
10000e0c:	4b03      	ldr	r3, [pc, #12]	@ (10000e1c <time_us_64+0x10>)
10000e0e:	6a59      	ldr	r1, [r3, #36]	@ 0x24
10000e10:	000a      	movs	r2, r1
10000e12:	6a98      	ldr	r0, [r3, #40]	@ 0x28
10000e14:	6a59      	ldr	r1, [r3, #36]	@ 0x24
10000e16:	4291      	cmp	r1, r2
10000e18:	d1fa      	bne.n	10000e10 <time_us_64+0x4>
10000e1a:	4770      	bx	lr
10000e1c:	40054000 	.word	0x40054000

10000e20 <busy_wait_until>:
10000e20:	4a06      	ldr	r2, [pc, #24]	@ (10000e3c <busy_wait_until+0x1c>)
10000e22:	6a53      	ldr	r3, [r2, #36]	@ 0x24
10000e24:	4299      	cmp	r1, r3
10000e26:	d8fc      	bhi.n	10000e22 <busy_wait_until+0x2>
10000e28:	d107      	bne.n	10000e3a <busy_wait_until+0x1a>
10000e2a:	4b04      	ldr	r3, [pc, #16]	@ (10000e3c <busy_wait_until+0x1c>)
10000e2c:	e002      	b.n	10000e34 <busy_wait_until+0x14>
10000e2e:	6a5a      	ldr	r2, [r3, #36]	@ 0x24
10000e30:	4291      	cmp	r1, r2
10000e32:	d102      	bne.n	10000e3a <busy_wait_until+0x1a>
10000e34:	6a9a      	ldr	r2, [r3, #40]	@ 0x28
10000e36:	4282      	cmp	r2, r0
10000e38:	d3f9      	bcc.n	10000e2e <busy_wait_until+0xe>
10000e3a:	4770      	bx	lr
10000e3c:	40054000 	.word	0x40054000

10000e40 <clock_configure_int_divider>:
10000e40:	b5f8      	push	{r3, r4, r5, r6, r7, lr}
10000e42:	46de      	mov	lr, fp
10000e44:	464e      	mov	r6, r9
10000e46:	4657      	mov	r7, sl
10000e48:	4645      	mov	r5, r8
10000e4a:	b5e0      	push	{r5, r6, r7, lr}
10000e4c:	468b      	mov	fp, r1
10000e4e:	0005      	movs	r5, r0
10000e50:	990a      	ldr	r1, [sp, #40]	@ 0x28
10000e52:	0018      	movs	r0, r3
10000e54:	0016      	movs	r6, r2
10000e56:	f000 fa67 	bl	10001328 <__wrap___aeabi_uidiv>
10000e5a:	9b0a      	ldr	r3, [sp, #40]	@ 0x28
10000e5c:	006c      	lsls	r4, r5, #1
10000e5e:	021f      	lsls	r7, r3, #8
10000e60:	4b32      	ldr	r3, [pc, #200]	@ (10000f2c <clock_configure_int_divider+0xec>)
10000e62:	1964      	adds	r4, r4, r5
10000e64:	469c      	mov	ip, r3
10000e66:	00a4      	lsls	r4, r4, #2
10000e68:	4464      	add	r4, ip
10000e6a:	6863      	ldr	r3, [r4, #4]
10000e6c:	4681      	mov	r9, r0
10000e6e:	429f      	cmp	r7, r3
10000e70:	d900      	bls.n	10000e74 <clock_configure_int_divider+0x34>
10000e72:	6067      	str	r7, [r4, #4]
10000e74:	1f2b      	subs	r3, r5, #4
10000e76:	b2db      	uxtb	r3, r3
10000e78:	4698      	mov	r8, r3
10000e7a:	2b01      	cmp	r3, #1
10000e7c:	d930      	bls.n	10000ee0 <clock_configure_int_divider+0xa0>
10000e7e:	23c0      	movs	r3, #192	@ 0xc0
10000e80:	2280      	movs	r2, #128	@ 0x80
10000e82:	019b      	lsls	r3, r3, #6
10000e84:	18e3      	adds	r3, r4, r3
10000e86:	0112      	lsls	r2, r2, #4
10000e88:	601a      	str	r2, [r3, #0]
10000e8a:	4b29      	ldr	r3, [pc, #164]	@ (10000f30 <clock_configure_int_divider+0xf0>)
10000e8c:	00ad      	lsls	r5, r5, #2
10000e8e:	5959      	ldr	r1, [r3, r5]
10000e90:	469a      	mov	sl, r3
10000e92:	2900      	cmp	r1, #0
10000e94:	d11b      	bne.n	10000ece <clock_configure_int_divider+0x8e>
10000e96:	0173      	lsls	r3, r6, #5
10000e98:	26e0      	movs	r6, #224	@ 0xe0
10000e9a:	6822      	ldr	r2, [r4, #0]
10000e9c:	4053      	eors	r3, r2
10000e9e:	401e      	ands	r6, r3
10000ea0:	2380      	movs	r3, #128	@ 0x80
10000ea2:	4642      	mov	r2, r8
10000ea4:	015b      	lsls	r3, r3, #5
10000ea6:	18e3      	adds	r3, r4, r3
10000ea8:	601e      	str	r6, [r3, #0]
10000eaa:	2a01      	cmp	r2, #1
10000eac:	d930      	bls.n	10000f10 <clock_configure_int_divider+0xd0>
10000eae:	2380      	movs	r3, #128	@ 0x80
10000eb0:	2280      	movs	r2, #128	@ 0x80
10000eb2:	019b      	lsls	r3, r3, #6
10000eb4:	18e3      	adds	r3, r4, r3
10000eb6:	0112      	lsls	r2, r2, #4
10000eb8:	601a      	str	r2, [r3, #0]
10000eba:	4653      	mov	r3, sl
10000ebc:	464a      	mov	r2, r9
10000ebe:	6067      	str	r7, [r4, #4]
10000ec0:	515a      	str	r2, [r3, r5]
10000ec2:	bcf0      	pop	{r4, r5, r6, r7}
10000ec4:	46bb      	mov	fp, r7
10000ec6:	46b2      	mov	sl, r6
10000ec8:	46a9      	mov	r9, r5
10000eca:	46a0      	mov	r8, r4
10000ecc:	bdf8      	pop	{r3, r4, r5, r6, r7, pc}
10000ece:	6958      	ldr	r0, [r3, #20]
10000ed0:	f000 fa2a 	bl	10001328 <__wrap___aeabi_uidiv>
10000ed4:	3001      	adds	r0, #1
10000ed6:	0043      	lsls	r3, r0, #1
10000ed8:	181b      	adds	r3, r3, r0
10000eda:	3b03      	subs	r3, #3
10000edc:	d2fd      	bcs.n	10000eda <clock_configure_int_divider+0x9a>
10000ede:	e7da      	b.n	10000e96 <clock_configure_int_divider+0x56>
10000ee0:	465b      	mov	r3, fp
10000ee2:	2b01      	cmp	r3, #1
10000ee4:	d1cb      	bne.n	10000e7e <clock_configure_int_divider+0x3e>
10000ee6:	23c0      	movs	r3, #192	@ 0xc0
10000ee8:	2203      	movs	r2, #3
10000eea:	019b      	lsls	r3, r3, #6
10000eec:	18e3      	adds	r3, r4, r3
10000eee:	601a      	str	r2, [r3, #0]
10000ef0:	3a02      	subs	r2, #2
10000ef2:	68a3      	ldr	r3, [r4, #8]
10000ef4:	421a      	tst	r2, r3
10000ef6:	d0fc      	beq.n	10000ef2 <clock_configure_int_divider+0xb2>
10000ef8:	0173      	lsls	r3, r6, #5
10000efa:	26e0      	movs	r6, #224	@ 0xe0
10000efc:	6822      	ldr	r2, [r4, #0]
10000efe:	00ad      	lsls	r5, r5, #2
10000f00:	4053      	eors	r3, r2
10000f02:	401e      	ands	r6, r3
10000f04:	2380      	movs	r3, #128	@ 0x80
10000f06:	4a0a      	ldr	r2, [pc, #40]	@ (10000f30 <clock_configure_int_divider+0xf0>)
10000f08:	015b      	lsls	r3, r3, #5
10000f0a:	4692      	mov	sl, r2
10000f0c:	18e3      	adds	r3, r4, r3
10000f0e:	601e      	str	r6, [r3, #0]
10000f10:	465a      	mov	r2, fp
10000f12:	6821      	ldr	r1, [r4, #0]
10000f14:	4051      	eors	r1, r2
10000f16:	2203      	movs	r2, #3
10000f18:	400a      	ands	r2, r1
10000f1a:	601a      	str	r2, [r3, #0]
10000f1c:	2201      	movs	r2, #1
10000f1e:	465b      	mov	r3, fp
10000f20:	409a      	lsls	r2, r3
10000f22:	68a3      	ldr	r3, [r4, #8]
10000f24:	421a      	tst	r2, r3
10000f26:	d0fc      	beq.n	10000f22 <clock_configure_int_divider+0xe2>
10000f28:	e7c1      	b.n	10000eae <clock_configure_int_divider+0x6e>
10000f2a:	46c0      	nop			@ (mov r8, r8)
10000f2c:	40008000 	.word	0x40008000
10000f30:	2000046c 	.word	0x2000046c

10000f34 <clock_configure_undivided>:
10000f34:	b5f0      	push	{r4, r5, r6, r7, lr}
10000f36:	4646      	mov	r6, r8
10000f38:	464f      	mov	r7, r9
10000f3a:	46d6      	mov	lr, sl
10000f3c:	b5c0      	push	{r6, r7, lr}
10000f3e:	001f      	movs	r7, r3
10000f40:	4b34      	ldr	r3, [pc, #208]	@ (10001014 <clock_configure_undivided+0xe0>)
10000f42:	0044      	lsls	r4, r0, #1
10000f44:	469c      	mov	ip, r3
10000f46:	1824      	adds	r4, r4, r0
10000f48:	00a4      	lsls	r4, r4, #2
10000f4a:	4464      	add	r4, ip
10000f4c:	6863      	ldr	r3, [r4, #4]
10000f4e:	4688      	mov	r8, r1
10000f50:	0016      	movs	r6, r2
10000f52:	2bff      	cmp	r3, #255	@ 0xff
10000f54:	d802      	bhi.n	10000f5c <clock_configure_undivided+0x28>
10000f56:	2380      	movs	r3, #128	@ 0x80
10000f58:	005b      	lsls	r3, r3, #1
10000f5a:	6063      	str	r3, [r4, #4]
10000f5c:	1f03      	subs	r3, r0, #4
10000f5e:	b2db      	uxtb	r3, r3
10000f60:	469a      	mov	sl, r3
10000f62:	2b01      	cmp	r3, #1
10000f64:	d930      	bls.n	10000fc8 <clock_configure_undivided+0x94>
10000f66:	23c0      	movs	r3, #192	@ 0xc0
10000f68:	2280      	movs	r2, #128	@ 0x80
10000f6a:	019b      	lsls	r3, r3, #6
10000f6c:	18e3      	adds	r3, r4, r3
10000f6e:	0112      	lsls	r2, r2, #4
10000f70:	601a      	str	r2, [r3, #0]
10000f72:	4b29      	ldr	r3, [pc, #164]	@ (10001018 <clock_configure_undivided+0xe4>)
10000f74:	0085      	lsls	r5, r0, #2
10000f76:	5959      	ldr	r1, [r3, r5]
10000f78:	4699      	mov	r9, r3
10000f7a:	2900      	cmp	r1, #0
10000f7c:	d11b      	bne.n	10000fb6 <clock_configure_undivided+0x82>
10000f7e:	0173      	lsls	r3, r6, #5
10000f80:	26e0      	movs	r6, #224	@ 0xe0
10000f82:	6822      	ldr	r2, [r4, #0]
10000f84:	4053      	eors	r3, r2
10000f86:	401e      	ands	r6, r3
10000f88:	2380      	movs	r3, #128	@ 0x80
10000f8a:	4652      	mov	r2, sl
10000f8c:	015b      	lsls	r3, r3, #5
10000f8e:	18e3      	adds	r3, r4, r3
10000f90:	601e      	str	r6, [r3, #0]
10000f92:	2a01      	cmp	r2, #1
10000f94:	d930      	bls.n	10000ff8 <clock_configure_undivided+0xc4>
10000f96:	2380      	movs	r3, #128	@ 0x80
10000f98:	2280      	movs	r2, #128	@ 0x80
10000f9a:	019b      	lsls	r3, r3, #6
10000f9c:	18e3      	adds	r3, r4, r3
10000f9e:	0112      	lsls	r2, r2, #4
10000fa0:	601a      	str	r2, [r3, #0]
10000fa2:	2380      	movs	r3, #128	@ 0x80
10000fa4:	005b      	lsls	r3, r3, #1
10000fa6:	6063      	str	r3, [r4, #4]
10000fa8:	464b      	mov	r3, r9
10000faa:	515f      	str	r7, [r3, r5]
10000fac:	bce0      	pop	{r5, r6, r7}
10000fae:	46ba      	mov	sl, r7
10000fb0:	46b1      	mov	r9, r6
10000fb2:	46a8      	mov	r8, r5
10000fb4:	bdf0      	pop	{r4, r5, r6, r7, pc}
10000fb6:	6958      	ldr	r0, [r3, #20]
10000fb8:	f000 f9b6 	bl	10001328 <__wrap___aeabi_uidiv>
10000fbc:	3001      	adds	r0, #1
10000fbe:	0043      	lsls	r3, r0, #1
10000fc0:	181b      	adds	r3, r3, r0
10000fc2:	3b03      	subs	r3, #3
10000fc4:	d2fd      	bcs.n	10000fc2 <clock_configure_undivided+0x8e>
10000fc6:	e7da      	b.n	10000f7e <clock_configure_undivided+0x4a>
10000fc8:	4643      	mov	r3, r8
10000fca:	2b01      	cmp	r3, #1
10000fcc:	d1cb      	bne.n	10000f66 <clock_configure_undivided+0x32>
10000fce:	23c0      	movs	r3, #192	@ 0xc0
10000fd0:	2203      	movs	r2, #3
10000fd2:	019b      	lsls	r3, r3, #6
10000fd4:	18e3      	adds	r3, r4, r3
10000fd6:	601a      	str	r2, [r3, #0]
10000fd8:	3a02      	subs	r2, #2
10000fda:	68a3      	ldr	r3, [r4, #8]
10000fdc:	421a      	tst	r2, r3
10000fde:	d0fc      	beq.n	10000fda <clock_configure_undivided+0xa6>
10000fe0:	0173      	lsls	r3, r6, #5
10000fe2:	26e0      	movs	r6, #224	@ 0xe0
10000fe4:	6822      	ldr	r2, [r4, #0]
10000fe6:	0085      	lsls	r5, r0, #2
10000fe8:	4053      	eors	r3, r2
10000fea:	401e      	ands	r6, r3
10000fec:	2380      	movs	r3, #128	@ 0x80
10000fee:	4a0a      	ldr	r2, [pc, #40]	@ (10001018 <clock_configure_undivided+0xe4>)
10000ff0:	015b      	lsls	r3, r3, #5
10000ff2:	4691      	mov	r9, r2
10000ff4:	18e3      	adds	r3, r4, r3
10000ff6:	601e      	str	r6, [r3, #0]
10000ff8:	4642      	mov	r2, r8
10000ffa:	6821      	ldr	r1, [r4, #0]
10000ffc:	4051      	eors	r1, r2
10000ffe:	2203      	movs	r2, #3
10001000:	400a      	ands	r2, r1
10001002:	601a      	str	r2, [r3, #0]
10001004:	2301      	movs	r3, #1
10001006:	4642      	mov	r2, r8
10001008:	4093      	lsls	r3, r2
1000100a:	68a2      	ldr	r2, [r4, #8]
1000100c:	4213      	tst	r3, r2
1000100e:	d0fc      	beq.n	1000100a <clock_configure_undivided+0xd6>
10001010:	e7c1      	b.n	10000f96 <clock_configure_undivided+0x62>
10001012:	46c0      	nop			@ (mov r8, r8)
10001014:	40008000 	.word	0x40008000
10001018:	2000046c 	.word	0x2000046c

1000101c <clock_get_hz>:
1000101c:	4b01      	ldr	r3, [pc, #4]	@ (10001024 <clock_get_hz+0x8>)
1000101e:	0080      	lsls	r0, r0, #2
10001020:	58c0      	ldr	r0, [r0, r3]
10001022:	4770      	bx	lr
10001024:	2000046c 	.word	0x2000046c

10001028 <pll_init>:
10001028:	b5f8      	push	{r3, r4, r5, r6, r7, lr}
1000102a:	0004      	movs	r4, r0
1000102c:	4821      	ldr	r0, [pc, #132]	@ (100010b4 <pll_init+0x8c>)
1000102e:	001e      	movs	r6, r3
10001030:	0017      	movs	r7, r2
10001032:	000d      	movs	r5, r1
10001034:	f000 f978 	bl	10001328 <__wrap___aeabi_uidiv>
10001038:	0001      	movs	r1, r0
1000103a:	0038      	movs	r0, r7
1000103c:	f000 f974 	bl	10001328 <__wrap___aeabi_uidiv>
10001040:	9b06      	ldr	r3, [sp, #24]
10001042:	0436      	lsls	r6, r6, #16
10001044:	031b      	lsls	r3, r3, #12
10001046:	431e      	orrs	r6, r3
10001048:	6823      	ldr	r3, [r4, #0]
1000104a:	2b00      	cmp	r3, #0
1000104c:	db20      	blt.n	10001090 <pll_init+0x68>
1000104e:	4b1a      	ldr	r3, [pc, #104]	@ (100010b8 <pll_init+0x90>)
10001050:	491a      	ldr	r1, [pc, #104]	@ (100010bc <pll_init+0x94>)
10001052:	18e3      	adds	r3, r4, r3
10001054:	1e5a      	subs	r2, r3, #1
10001056:	4193      	sbcs	r3, r2
10001058:	2280      	movs	r2, #128	@ 0x80
1000105a:	0192      	lsls	r2, r2, #6
1000105c:	4694      	mov	ip, r2
1000105e:	425b      	negs	r3, r3
10001060:	0b1b      	lsrs	r3, r3, #12
10001062:	4a17      	ldr	r2, [pc, #92]	@ (100010c0 <pll_init+0x98>)
10001064:	031b      	lsls	r3, r3, #12
10001066:	4463      	add	r3, ip
10001068:	6013      	str	r3, [r2, #0]
1000106a:	4a16      	ldr	r2, [pc, #88]	@ (100010c4 <pll_init+0x9c>)
1000106c:	6013      	str	r3, [r2, #0]
1000106e:	001f      	movs	r7, r3
10001070:	680a      	ldr	r2, [r1, #0]
10001072:	4397      	bics	r7, r2
10001074:	d1fb      	bne.n	1000106e <pll_init+0x46>
10001076:	4b14      	ldr	r3, [pc, #80]	@ (100010c8 <pll_init+0xa0>)
10001078:	6025      	str	r5, [r4, #0]
1000107a:	18e2      	adds	r2, r4, r3
1000107c:	2321      	movs	r3, #33	@ 0x21
1000107e:	60a0      	str	r0, [r4, #8]
10001080:	6013      	str	r3, [r2, #0]
10001082:	6823      	ldr	r3, [r4, #0]
10001084:	2b00      	cmp	r3, #0
10001086:	dafc      	bge.n	10001082 <pll_init+0x5a>
10001088:	2308      	movs	r3, #8
1000108a:	60e6      	str	r6, [r4, #12]
1000108c:	6013      	str	r3, [r2, #0]
1000108e:	bdf8      	pop	{r3, r4, r5, r6, r7, pc}
10001090:	233f      	movs	r3, #63	@ 0x3f
10001092:	6822      	ldr	r2, [r4, #0]
10001094:	4013      	ands	r3, r2
10001096:	42ab      	cmp	r3, r5
10001098:	d1d9      	bne.n	1000104e <pll_init+0x26>
1000109a:	68a3      	ldr	r3, [r4, #8]
1000109c:	051b      	lsls	r3, r3, #20
1000109e:	0d1b      	lsrs	r3, r3, #20
100010a0:	4283      	cmp	r3, r0
100010a2:	d1d4      	bne.n	1000104e <pll_init+0x26>
100010a4:	22ee      	movs	r2, #238	@ 0xee
100010a6:	68e3      	ldr	r3, [r4, #12]
100010a8:	02d2      	lsls	r2, r2, #11
100010aa:	4013      	ands	r3, r2
100010ac:	42b3      	cmp	r3, r6
100010ae:	d1ce      	bne.n	1000104e <pll_init+0x26>
100010b0:	e7ed      	b.n	1000108e <pll_init+0x66>
100010b2:	46c0      	nop			@ (mov r8, r8)
100010b4:	00b71b00 	.word	0x00b71b00
100010b8:	bffd4000 	.word	0xbffd4000
100010bc:	4000c008 	.word	0x4000c008
100010c0:	4000e000 	.word	0x4000e000
100010c4:	4000f000 	.word	0x4000f000
100010c8:	00003004 	.word	0x00003004

100010cc <tick_start>:
100010cc:	2380      	movs	r3, #128	@ 0x80
100010ce:	4a02      	ldr	r2, [pc, #8]	@ (100010d8 <tick_start+0xc>)
100010d0:	009b      	lsls	r3, r3, #2
100010d2:	430b      	orrs	r3, r1
100010d4:	62d3      	str	r3, [r2, #44]	@ 0x2c
100010d6:	4770      	bx	lr
100010d8:	40058000 	.word	0x40058000

100010dc <rom_func_lookup>:
100010dc:	2314      	movs	r3, #20
100010de:	b510      	push	{r4, lr}
100010e0:	0001      	movs	r1, r0
100010e2:	8818      	ldrh	r0, [r3, #0]
100010e4:	3304      	adds	r3, #4
100010e6:	881b      	ldrh	r3, [r3, #0]
100010e8:	4798      	blx	r3
100010ea:	bd10      	pop	{r4, pc}

100010ec <rom_data_lookup>:
100010ec:	2316      	movs	r3, #22
100010ee:	b510      	push	{r4, lr}
100010f0:	0001      	movs	r1, r0
100010f2:	8818      	ldrh	r0, [r3, #0]
100010f4:	3302      	adds	r3, #2
100010f6:	881b      	ldrh	r3, [r3, #0]
100010f8:	4798      	blx	r3
100010fa:	bd10      	pop	{r4, pc}

100010fc <rom_funcs_lookup>:
100010fc:	b5f8      	push	{r3, r4, r5, r6, r7, lr}
100010fe:	4647      	mov	r7, r8
10001100:	46ce      	mov	lr, r9
10001102:	b580      	push	{r7, lr}
10001104:	1e0f      	subs	r7, r1, #0
10001106:	d019      	beq.n	1000113c <rom_funcs_lookup+0x40>
10001108:	2314      	movs	r3, #20
1000110a:	4699      	mov	r9, r3
1000110c:	3304      	adds	r3, #4
1000110e:	0004      	movs	r4, r0
10001110:	2500      	movs	r5, #0
10001112:	2601      	movs	r6, #1
10001114:	4698      	mov	r8, r3
10001116:	464b      	mov	r3, r9
10001118:	8818      	ldrh	r0, [r3, #0]
1000111a:	4643      	mov	r3, r8
1000111c:	6821      	ldr	r1, [r4, #0]
1000111e:	881b      	ldrh	r3, [r3, #0]
10001120:	4798      	blx	r3
10001122:	c401      	stmia	r4!, {r0}
10001124:	1e43      	subs	r3, r0, #1
10001126:	4198      	sbcs	r0, r3
10001128:	3501      	adds	r5, #1
1000112a:	4240      	negs	r0, r0
1000112c:	4006      	ands	r6, r0
1000112e:	42af      	cmp	r7, r5
10001130:	d1f1      	bne.n	10001116 <rom_funcs_lookup+0x1a>
10001132:	0030      	movs	r0, r6
10001134:	bcc0      	pop	{r6, r7}
10001136:	46b9      	mov	r9, r7
10001138:	46b0      	mov	r8, r6
1000113a:	bdf8      	pop	{r3, r4, r5, r6, r7, pc}
1000113c:	2601      	movs	r6, #1
1000113e:	e7f8      	b.n	10001132 <rom_funcs_lookup+0x36>

10001140 <xosc_init>:
10001140:	23aa      	movs	r3, #170	@ 0xaa
10001142:	4a06      	ldr	r2, [pc, #24]	@ (1000115c <xosc_init+0x1c>)
10001144:	011b      	lsls	r3, r3, #4
10001146:	6013      	str	r3, [r2, #0]
10001148:	232f      	movs	r3, #47	@ 0x2f
1000114a:	4905      	ldr	r1, [pc, #20]	@ (10001160 <xosc_init+0x20>)
1000114c:	60d3      	str	r3, [r2, #12]
1000114e:	4b05      	ldr	r3, [pc, #20]	@ (10001164 <xosc_init+0x24>)
10001150:	6019      	str	r1, [r3, #0]
10001152:	6853      	ldr	r3, [r2, #4]
10001154:	2b00      	cmp	r3, #0
10001156:	dafc      	bge.n	10001152 <xosc_init+0x12>
10001158:	4770      	bx	lr
1000115a:	46c0      	nop			@ (mov r8, r8)
1000115c:	40024000 	.word	0x40024000
10001160:	00fab000 	.word	0x00fab000
10001164:	40026000 	.word	0x40026000

10001168 <first_per_core_initializer>:
10001168:	4770      	bx	lr
1000116a:	46c0      	nop			@ (mov r8, r8)

1000116c <hard_assertion_failure>:
1000116c:	b510      	push	{r4, lr}
1000116e:	4801      	ldr	r0, [pc, #4]	@ (10001174 <hard_assertion_failure+0x8>)
10001170:	f7ff f9da 	bl	10000528 <panic>
10001174:	10001900 	.word	0x10001900

10001178 <runtime_run_initializers>:
10001178:	b570      	push	{r4, r5, r6, lr}
1000117a:	4d07      	ldr	r5, [pc, #28]	@ (10001198 <runtime_run_initializers+0x20>)
1000117c:	4e07      	ldr	r6, [pc, #28]	@ (1000119c <runtime_run_initializers+0x24>)
1000117e:	42b5      	cmp	r5, r6
10001180:	d209      	bcs.n	10001196 <runtime_run_initializers+0x1e>
10001182:	2400      	movs	r4, #0
10001184:	3e01      	subs	r6, #1
10001186:	1b76      	subs	r6, r6, r5
10001188:	08b6      	lsrs	r6, r6, #2
1000118a:	cd08      	ldmia	r5!, {r3}
1000118c:	4798      	blx	r3
1000118e:	0023      	movs	r3, r4
10001190:	3401      	adds	r4, #1
10001192:	42b3      	cmp	r3, r6
10001194:	d1f9      	bne.n	1000118a <runtime_run_initializers+0x12>
10001196:	bd70      	pop	{r4, r5, r6, pc}
10001198:	10001888 	.word	0x10001888
1000119c:	100018c4 	.word	0x100018c4

100011a0 <runtime_init_early_resets>:
100011a0:	4b05      	ldr	r3, [pc, #20]	@ (100011b8 <runtime_init_early_resets+0x18>)
100011a2:	4a06      	ldr	r2, [pc, #24]	@ (100011bc <runtime_init_early_resets+0x1c>)
100011a4:	4906      	ldr	r1, [pc, #24]	@ (100011c0 <runtime_init_early_resets+0x20>)
100011a6:	601a      	str	r2, [r3, #0]
100011a8:	4a06      	ldr	r2, [pc, #24]	@ (100011c4 <runtime_init_early_resets+0x24>)
100011aa:	4b07      	ldr	r3, [pc, #28]	@ (100011c8 <runtime_init_early_resets+0x28>)
100011ac:	601a      	str	r2, [r3, #0]
100011ae:	0010      	movs	r0, r2
100011b0:	680b      	ldr	r3, [r1, #0]
100011b2:	4398      	bics	r0, r3
100011b4:	d1fb      	bne.n	100011ae <runtime_init_early_resets+0xe>
100011b6:	4770      	bx	lr
100011b8:	4000e000 	.word	0x4000e000
100011bc:	fefbcdbf 	.word	0xfefbcdbf
100011c0:	4000c008 	.word	0x4000c008
100011c4:	003c7ffe 	.word	0x003c7ffe
100011c8:	4000f000 	.word	0x4000f000

100011cc <runtime_init_usb_power_down>:
100011cc:	4b04      	ldr	r3, [pc, #16]	@ (100011e0 <runtime_init_usb_power_down+0x14>)
100011ce:	6cdb      	ldr	r3, [r3, #76]	@ 0x4c
100011d0:	2b00      	cmp	r3, #0
100011d2:	d103      	bne.n	100011dc <runtime_init_usb_power_down+0x10>
100011d4:	2280      	movs	r2, #128	@ 0x80
100011d6:	4b03      	ldr	r3, [pc, #12]	@ (100011e4 <runtime_init_usb_power_down+0x18>)
100011d8:	02d2      	lsls	r2, r2, #11
100011da:	601a      	str	r2, [r3, #0]
100011dc:	4770      	bx	lr
100011de:	46c0      	nop			@ (mov r8, r8)
100011e0:	50110000 	.word	0x50110000
100011e4:	5011204c 	.word	0x5011204c

100011e8 <runtime_init_post_clock_resets>:
100011e8:	4a04      	ldr	r2, [pc, #16]	@ (100011fc <runtime_init_post_clock_resets+0x14>)
100011ea:	4b05      	ldr	r3, [pc, #20]	@ (10001200 <runtime_init_post_clock_resets+0x18>)
100011ec:	601a      	str	r2, [r3, #0]
100011ee:	4a05      	ldr	r2, [pc, #20]	@ (10001204 <runtime_init_post_clock_resets+0x1c>)
100011f0:	6813      	ldr	r3, [r2, #0]
100011f2:	01db      	lsls	r3, r3, #7
100011f4:	3380      	adds	r3, #128	@ 0x80
100011f6:	d1fb      	bne.n	100011f0 <runtime_init_post_clock_resets+0x8>
100011f8:	4770      	bx	lr
100011fa:	46c0      	nop			@ (mov r8, r8)
100011fc:	01ffffff 	.word	0x01ffffff
10001200:	4000f000 	.word	0x4000f000
10001204:	4000c008 	.word	0x4000c008

10001208 <runtime_init_rp2040_gpio_ie_disable>:
10001208:	2240      	movs	r2, #64	@ 0x40
1000120a:	4b03      	ldr	r3, [pc, #12]	@ (10001218 <runtime_init_rp2040_gpio_ie_disable+0x10>)
1000120c:	679a      	str	r2, [r3, #120]	@ 0x78
1000120e:	675a      	str	r2, [r3, #116]	@ 0x74
10001210:	671a      	str	r2, [r3, #112]	@ 0x70
10001212:	66da      	str	r2, [r3, #108]	@ 0x6c
10001214:	4770      	bx	lr
10001216:	46c0      	nop			@ (mov r8, r8)
10001218:	4001f000 	.word	0x4001f000

1000121c <runtime_init_spin_locks_reset>:
1000121c:	b510      	push	{r4, lr}
1000121e:	f7ff f9c9 	bl	100005b4 <spin_locks_reset>
10001222:	bd10      	pop	{r4, pc}

10001224 <runtime_init_install_ram_vector_table>:
10001224:	b570      	push	{r4, r5, r6, lr}
10001226:	4d04      	ldr	r5, [pc, #16]	@ (10001238 <runtime_init_install_ram_vector_table+0x14>)
10001228:	4c04      	ldr	r4, [pc, #16]	@ (1000123c <runtime_init_install_ram_vector_table+0x18>)
1000122a:	68a9      	ldr	r1, [r5, #8]
1000122c:	22c0      	movs	r2, #192	@ 0xc0
1000122e:	0020      	movs	r0, r4
10001230:	f000 f962 	bl	100014f8 <__wrap___aeabi_memcpy>
10001234:	60ac      	str	r4, [r5, #8]
10001236:	bd70      	pop	{r4, r5, r6, pc}
10001238:	e000ed00 	.word	0xe000ed00
1000123c:	20000000 	.word	0x20000000

10001240 <runtime_init_clocks>:
10001240:	2300      	movs	r3, #0
10001242:	b510      	push	{r4, lr}
10001244:	4c29      	ldr	r4, [pc, #164]	@ (100012ec <runtime_init_clocks+0xac>)
10001246:	b082      	sub	sp, #8
10001248:	67a3      	str	r3, [r4, #120]	@ 0x78
1000124a:	f7ff ff79 	bl	10001140 <xosc_init>
1000124e:	2201      	movs	r2, #1
10001250:	4b27      	ldr	r3, [pc, #156]	@ (100012f0 <runtime_init_clocks+0xb0>)
10001252:	601a      	str	r2, [r3, #0]
10001254:	6c63      	ldr	r3, [r4, #68]	@ 0x44
10001256:	2b01      	cmp	r3, #1
10001258:	d1fc      	bne.n	10001254 <runtime_init_clocks+0x14>
1000125a:	2203      	movs	r2, #3
1000125c:	4b25      	ldr	r3, [pc, #148]	@ (100012f4 <runtime_init_clocks+0xb4>)
1000125e:	601a      	str	r2, [r3, #0]
10001260:	4a22      	ldr	r2, [pc, #136]	@ (100012ec <runtime_init_clocks+0xac>)
10001262:	6b93      	ldr	r3, [r2, #56]	@ 0x38
10001264:	2b01      	cmp	r3, #1
10001266:	d1fc      	bne.n	10001262 <runtime_init_clocks+0x22>
10001268:	3301      	adds	r3, #1
1000126a:	9300      	str	r3, [sp, #0]
1000126c:	2101      	movs	r1, #1
1000126e:	4a22      	ldr	r2, [pc, #136]	@ (100012f8 <runtime_init_clocks+0xb8>)
10001270:	4822      	ldr	r0, [pc, #136]	@ (100012fc <runtime_init_clocks+0xbc>)
10001272:	3304      	adds	r3, #4
10001274:	f7ff fed8 	bl	10001028 <pll_init>
10001278:	2305      	movs	r3, #5
1000127a:	2101      	movs	r1, #1
1000127c:	9300      	str	r3, [sp, #0]
1000127e:	4a20      	ldr	r2, [pc, #128]	@ (10001300 <runtime_init_clocks+0xc0>)
10001280:	4820      	ldr	r0, [pc, #128]	@ (10001304 <runtime_init_clocks+0xc4>)
10001282:	f7ff fed1 	bl	10001028 <pll_init>
10001286:	2200      	movs	r2, #0
10001288:	2102      	movs	r1, #2
1000128a:	2004      	movs	r0, #4
1000128c:	4b1e      	ldr	r3, [pc, #120]	@ (10001308 <runtime_init_clocks+0xc8>)
1000128e:	f7ff fe51 	bl	10000f34 <clock_configure_undivided>
10001292:	2200      	movs	r2, #0
10001294:	2101      	movs	r1, #1
10001296:	2005      	movs	r0, #5
10001298:	4b1c      	ldr	r3, [pc, #112]	@ (1000130c <runtime_init_clocks+0xcc>)
1000129a:	f7ff fe4b 	bl	10000f34 <clock_configure_undivided>
1000129e:	2200      	movs	r2, #0
100012a0:	2100      	movs	r1, #0
100012a2:	2007      	movs	r0, #7
100012a4:	4b1a      	ldr	r3, [pc, #104]	@ (10001310 <runtime_init_clocks+0xd0>)
100012a6:	f7ff fe45 	bl	10000f34 <clock_configure_undivided>
100012aa:	2200      	movs	r2, #0
100012ac:	2100      	movs	r1, #0
100012ae:	2008      	movs	r0, #8
100012b0:	4b17      	ldr	r3, [pc, #92]	@ (10001310 <runtime_init_clocks+0xd0>)
100012b2:	f7ff fe3f 	bl	10000f34 <clock_configure_undivided>
100012b6:	2380      	movs	r3, #128	@ 0x80
100012b8:	00db      	lsls	r3, r3, #3
100012ba:	9300      	str	r3, [sp, #0]
100012bc:	2200      	movs	r2, #0
100012be:	2100      	movs	r1, #0
100012c0:	2009      	movs	r0, #9
100012c2:	4b13      	ldr	r3, [pc, #76]	@ (10001310 <runtime_init_clocks+0xd0>)
100012c4:	f7ff fdbc 	bl	10000e40 <clock_configure_int_divider>
100012c8:	2200      	movs	r2, #0
100012ca:	4b10      	ldr	r3, [pc, #64]	@ (1000130c <runtime_init_clocks+0xcc>)
100012cc:	2100      	movs	r1, #0
100012ce:	2006      	movs	r0, #6
100012d0:	f7ff fe30 	bl	10000f34 <clock_configure_undivided>
100012d4:	2004      	movs	r0, #4
100012d6:	f7ff fea1 	bl	1000101c <clock_get_hz>
100012da:	490e      	ldr	r1, [pc, #56]	@ (10001314 <runtime_init_clocks+0xd4>)
100012dc:	f000 f824 	bl	10001328 <__wrap___aeabi_uidiv>
100012e0:	0001      	movs	r1, r0
100012e2:	2000      	movs	r0, #0
100012e4:	f7ff fef2 	bl	100010cc <tick_start>
100012e8:	b002      	add	sp, #8
100012ea:	bd10      	pop	{r4, pc}
100012ec:	40008000 	.word	0x40008000
100012f0:	4000b03c 	.word	0x4000b03c
100012f4:	4000b030 	.word	0x4000b030
100012f8:	59682f00 	.word	0x59682f00
100012fc:	40028000 	.word	0x40028000
10001300:	47868c00 	.word	0x47868c00
10001304:	4002c000 	.word	0x4002c000
10001308:	00b71b00 	.word	0x00b71b00
1000130c:	07735940 	.word	0x07735940
10001310:	02dc6c00 	.word	0x02dc6c00
10001314:	000f4240 	.word	0x000f4240

10001318 <__aeabi_bits_init>:
10001318:	4801      	ldr	r0, [pc, #4]	@ (10001320 <__aeabi_bits_init+0x8>)
1000131a:	2104      	movs	r1, #4
1000131c:	4b01      	ldr	r3, [pc, #4]	@ (10001324 <__aeabi_bits_init+0xc>)
1000131e:	4718      	bx	r3
10001320:	200001c0 	.word	0x200001c0
10001324:	100010fd 	.word	0x100010fd

10001328 <__wrap___aeabi_uidiv>:
10001328:	4a11      	ldr	r2, [pc, #68]	@ (10001370 <divmod_u32u32_savestate+0x18>)
1000132a:	6f93      	ldr	r3, [r2, #120]	@ 0x78
1000132c:	089b      	lsrs	r3, r3, #2
1000132e:	d213      	bcs.n	10001358 <divmod_u32u32_savestate>

10001330 <divmod_u32u32_unsafe>:
10001330:	6610      	str	r0, [r2, #96]	@ 0x60
10001332:	6651      	str	r1, [r2, #100]	@ 0x64
10001334:	2900      	cmp	r1, #0
10001336:	d005      	beq.n	10001344 <divmod_u32u32_unsafe+0x14>
10001338:	e7ff      	b.n	1000133a <divmod_u32u32_unsafe+0xa>
1000133a:	e7ff      	b.n	1000133c <divmod_u32u32_unsafe+0xc>
1000133c:	e7ff      	b.n	1000133e <divmod_u32u32_unsafe+0xe>
1000133e:	6f51      	ldr	r1, [r2, #116]	@ 0x74
10001340:	6f10      	ldr	r0, [r2, #112]	@ 0x70
10001342:	4770      	bx	lr
10001344:	b504      	push	{r2, lr}
10001346:	2800      	cmp	r0, #0
10001348:	d001      	beq.n	1000134e <divmod_u32u32_unsafe+0x1e>
1000134a:	2000      	movs	r0, #0
1000134c:	43c0      	mvns	r0, r0
1000134e:	f000 fa8b 	bl	10001868 <____aeabi_idiv0_veneer>
10001352:	2100      	movs	r1, #0
10001354:	bd04      	pop	{r2, pc}
10001356:	46c0      	nop			@ (mov r8, r8)

10001358 <divmod_u32u32_savestate>:
10001358:	b5f0      	push	{r4, r5, r6, r7, lr}
1000135a:	6e14      	ldr	r4, [r2, #96]	@ 0x60
1000135c:	6e55      	ldr	r5, [r2, #100]	@ 0x64
1000135e:	6f57      	ldr	r7, [r2, #116]	@ 0x74
10001360:	6f16      	ldr	r6, [r2, #112]	@ 0x70
10001362:	f7ff ffe5 	bl	10001330 <divmod_u32u32_unsafe>
10001366:	6614      	str	r4, [r2, #96]	@ 0x60
10001368:	6655      	str	r5, [r2, #100]	@ 0x64
1000136a:	6757      	str	r7, [r2, #116]	@ 0x74
1000136c:	6716      	str	r6, [r2, #112]	@ 0x70
1000136e:	bdf0      	pop	{r4, r5, r6, r7, pc}
10001370:	d0000000 	.word	0xd0000000

10001374 <missing_double_func_shim>:
10001374:	b510      	push	{r4, lr}
10001376:	4801      	ldr	r0, [pc, #4]	@ (1000137c <missing_double_func_shim+0x8>)
10001378:	f7ff f8d6 	bl	10000528 <panic>
1000137c:	1000190c 	.word	0x1000190c

10001380 <__aeabi_double_init>:
10001380:	2313      	movs	r3, #19
10001382:	b570      	push	{r4, r5, r6, lr}
10001384:	781d      	ldrb	r5, [r3, #0]
10001386:	2d01      	cmp	r5, #1
10001388:	d019      	beq.n	100013be <__aeabi_double_init+0x3e>
1000138a:	dd14      	ble.n	100013b6 <__aeabi_double_init+0x36>
1000138c:	481d      	ldr	r0, [pc, #116]	@ (10001404 <__aeabi_double_init+0x84>)
1000138e:	f7ff fead 	bl	100010ec <rom_data_lookup>
10001392:	0006      	movs	r6, r0
10001394:	481c      	ldr	r0, [pc, #112]	@ (10001408 <__aeabi_double_init+0x88>)
10001396:	f7ff fea9 	bl	100010ec <rom_data_lookup>
1000139a:	4c1c      	ldr	r4, [pc, #112]	@ (1000140c <__aeabi_double_init+0x8c>)
1000139c:	2280      	movs	r2, #128	@ 0x80
1000139e:	0031      	movs	r1, r6
100013a0:	0020      	movs	r0, r4
100013a2:	f000 f8a9 	bl	100014f8 <__wrap___aeabi_memcpy>
100013a6:	2d02      	cmp	r5, #2
100013a8:	d006      	beq.n	100013b8 <__aeabi_double_init+0x38>
100013aa:	4819      	ldr	r0, [pc, #100]	@ (10001410 <__aeabi_double_init+0x90>)
100013ac:	f7ff fe96 	bl	100010dc <rom_func_lookup>
100013b0:	4b18      	ldr	r3, [pc, #96]	@ (10001414 <__aeabi_double_init+0x94>)
100013b2:	6018      	str	r0, [r3, #0]
100013b4:	bd70      	pop	{r4, r5, r6, pc}
100013b6:	4c15      	ldr	r4, [pc, #84]	@ (1000140c <__aeabi_double_init+0x8c>)
100013b8:	4b17      	ldr	r3, [pc, #92]	@ (10001418 <__aeabi_double_init+0x98>)
100013ba:	64a3      	str	r3, [r4, #72]	@ 0x48
100013bc:	e7f5      	b.n	100013aa <__aeabi_double_init+0x2a>
100013be:	4b17      	ldr	r3, [pc, #92]	@ (1000141c <__aeabi_double_init+0x9c>)
100013c0:	4c12      	ldr	r4, [pc, #72]	@ (1000140c <__aeabi_double_init+0x8c>)
100013c2:	6023      	str	r3, [r4, #0]
100013c4:	6063      	str	r3, [r4, #4]
100013c6:	60a3      	str	r3, [r4, #8]
100013c8:	60e3      	str	r3, [r4, #12]
100013ca:	6123      	str	r3, [r4, #16]
100013cc:	6163      	str	r3, [r4, #20]
100013ce:	61a3      	str	r3, [r4, #24]
100013d0:	61e3      	str	r3, [r4, #28]
100013d2:	6223      	str	r3, [r4, #32]
100013d4:	6263      	str	r3, [r4, #36]	@ 0x24
100013d6:	62a3      	str	r3, [r4, #40]	@ 0x28
100013d8:	62e3      	str	r3, [r4, #44]	@ 0x2c
100013da:	6323      	str	r3, [r4, #48]	@ 0x30
100013dc:	6363      	str	r3, [r4, #52]	@ 0x34
100013de:	63a3      	str	r3, [r4, #56]	@ 0x38
100013e0:	63e3      	str	r3, [r4, #60]	@ 0x3c
100013e2:	6423      	str	r3, [r4, #64]	@ 0x40
100013e4:	6463      	str	r3, [r4, #68]	@ 0x44
100013e6:	64a3      	str	r3, [r4, #72]	@ 0x48
100013e8:	64e3      	str	r3, [r4, #76]	@ 0x4c
100013ea:	6523      	str	r3, [r4, #80]	@ 0x50
100013ec:	6563      	str	r3, [r4, #84]	@ 0x54
100013ee:	65a3      	str	r3, [r4, #88]	@ 0x58
100013f0:	65e3      	str	r3, [r4, #92]	@ 0x5c
100013f2:	6623      	str	r3, [r4, #96]	@ 0x60
100013f4:	6663      	str	r3, [r4, #100]	@ 0x64
100013f6:	66a3      	str	r3, [r4, #104]	@ 0x68
100013f8:	66e3      	str	r3, [r4, #108]	@ 0x6c
100013fa:	6723      	str	r3, [r4, #112]	@ 0x70
100013fc:	6763      	str	r3, [r4, #116]	@ 0x74
100013fe:	67a3      	str	r3, [r4, #120]	@ 0x78
10001400:	67e3      	str	r3, [r4, #124]	@ 0x7c
10001402:	e7d9      	b.n	100013b8 <__aeabi_double_init+0x38>
10001404:	00004453 	.word	0x00004453
10001408:	00004653 	.word	0x00004653
1000140c:	20000368 	.word	0x20000368
10001410:	0000334c 	.word	0x0000334c
10001414:	200004c8 	.word	0x200004c8
10001418:	10001421 	.word	0x10001421
1000141c:	10001375 	.word	0x10001375

10001420 <double_table_shim_on_use_helper>:
10001420:	b507      	push	{r0, r1, r2, lr}
10001422:	4660      	mov	r0, ip
10001424:	8801      	ldrh	r1, [r0, #0]
10001426:	0a0a      	lsrs	r2, r1, #8
10001428:	3002      	adds	r0, #2
1000142a:	2adf      	cmp	r2, #223	@ 0xdf
1000142c:	d1fa      	bne.n	10001424 <double_table_shim_on_use_helper+0x4>
1000142e:	b2c9      	uxtb	r1, r1
10001430:	0882      	lsrs	r2, r0, #2
10001432:	d304      	bcc.n	1000143e <double_table_shim_on_use_helper+0x1e>
10001434:	8802      	ldrh	r2, [r0, #0]
10001436:	8840      	ldrh	r0, [r0, #2]
10001438:	0400      	lsls	r0, r0, #16
1000143a:	4310      	orrs	r0, r2
1000143c:	e000      	b.n	10001440 <double_table_shim_on_use_helper+0x20>
1000143e:	6800      	ldr	r0, [r0, #0]
10001440:	4a01      	ldr	r2, [pc, #4]	@ (10001448 <double_table_shim_on_use_helper+0x28>)
10001442:	5050      	str	r0, [r2, r1]
10001444:	9003      	str	r0, [sp, #12]
10001446:	bd07      	pop	{r0, r1, r2, pc}
10001448:	20000368 	.word	0x20000368

1000144c <__wrap___aeabi_lmul>:
1000144c:	4351      	muls	r1, r2
1000144e:	4343      	muls	r3, r0
10001450:	18c9      	adds	r1, r1, r3
10001452:	468c      	mov	ip, r1
10001454:	0c11      	lsrs	r1, r2, #16
10001456:	b283      	uxth	r3, r0
10001458:	434b      	muls	r3, r1
1000145a:	b410      	push	{r4}
1000145c:	0c04      	lsrs	r4, r0, #16
1000145e:	4361      	muls	r1, r4
10001460:	b292      	uxth	r2, r2
10001462:	b280      	uxth	r0, r0
10001464:	4350      	muls	r0, r2
10001466:	4362      	muls	r2, r4
10001468:	041c      	lsls	r4, r3, #16
1000146a:	0c1b      	lsrs	r3, r3, #16
1000146c:	1900      	adds	r0, r0, r4
1000146e:	bc10      	pop	{r4}
10001470:	4159      	adcs	r1, r3
10001472:	0413      	lsls	r3, r2, #16
10001474:	0c12      	lsrs	r2, r2, #16
10001476:	18c0      	adds	r0, r0, r3
10001478:	4151      	adcs	r1, r2
1000147a:	4461      	add	r1, ip
1000147c:	4770      	bx	lr
	...

10001480 <missing_float_func_shim>:
10001480:	b510      	push	{r4, lr}
10001482:	4801      	ldr	r0, [pc, #4]	@ (10001488 <missing_float_func_shim+0x8>)
10001484:	f7ff f850 	bl	10000528 <panic>
10001488:	10001924 	.word	0x10001924

1000148c <__aeabi_float_init>:
1000148c:	2313      	movs	r3, #19
1000148e:	b510      	push	{r4, lr}
10001490:	4810      	ldr	r0, [pc, #64]	@ (100014d4 <__aeabi_float_init+0x48>)
10001492:	781c      	ldrb	r4, [r3, #0]
10001494:	f7ff fe2a 	bl	100010ec <rom_data_lookup>
10001498:	0001      	movs	r1, r0
1000149a:	2c01      	cmp	r4, #1
1000149c:	d00a      	beq.n	100014b4 <__aeabi_float_init+0x28>
1000149e:	dd03      	ble.n	100014a8 <__aeabi_float_init+0x1c>
100014a0:	2280      	movs	r2, #128	@ 0x80
100014a2:	480d      	ldr	r0, [pc, #52]	@ (100014d8 <__aeabi_float_init+0x4c>)
100014a4:	f000 f828 	bl	100014f8 <__wrap___aeabi_memcpy>
100014a8:	480c      	ldr	r0, [pc, #48]	@ (100014dc <__aeabi_float_init+0x50>)
100014aa:	f7ff fe17 	bl	100010dc <rom_func_lookup>
100014ae:	4b0c      	ldr	r3, [pc, #48]	@ (100014e0 <__aeabi_float_init+0x54>)
100014b0:	6018      	str	r0, [r3, #0]
100014b2:	bd10      	pop	{r4, pc}
100014b4:	4c08      	ldr	r4, [pc, #32]	@ (100014d8 <__aeabi_float_init+0x4c>)
100014b6:	2254      	movs	r2, #84	@ 0x54
100014b8:	0020      	movs	r0, r4
100014ba:	f000 f81d 	bl	100014f8 <__wrap___aeabi_memcpy>
100014be:	0022      	movs	r2, r4
100014c0:	4908      	ldr	r1, [pc, #32]	@ (100014e4 <__aeabi_float_init+0x58>)
100014c2:	3280      	adds	r2, #128	@ 0x80
100014c4:	6823      	ldr	r3, [r4, #0]
100014c6:	2b00      	cmp	r3, #0
100014c8:	d100      	bne.n	100014cc <__aeabi_float_init+0x40>
100014ca:	6021      	str	r1, [r4, #0]
100014cc:	3404      	adds	r4, #4
100014ce:	4294      	cmp	r4, r2
100014d0:	d1f8      	bne.n	100014c4 <__aeabi_float_init+0x38>
100014d2:	e7e9      	b.n	100014a8 <__aeabi_float_init+0x1c>
100014d4:	00004653 	.word	0x00004653
100014d8:	200004cc 	.word	0x200004cc
100014dc:	0000334c 	.word	0x0000334c
100014e0:	200004c8 	.word	0x200004c8
100014e4:	10001481 	.word	0x10001481

100014e8 <__aeabi_mem_init>:
100014e8:	4801      	ldr	r0, [pc, #4]	@ (100014f0 <__aeabi_mem_init+0x8>)
100014ea:	2104      	movs	r1, #4
100014ec:	4b01      	ldr	r3, [pc, #4]	@ (100014f4 <__aeabi_mem_init+0xc>)
100014ee:	4718      	bx	r3
100014f0:	200001d0 	.word	0x200001d0
100014f4:	100010fd 	.word	0x100010fd

100014f8 <__wrap___aeabi_memcpy>:
100014f8:	4b01      	ldr	r3, [pc, #4]	@ (10001500 <__wrap___aeabi_memcpy+0x8>)
100014fa:	685b      	ldr	r3, [r3, #4]
100014fc:	4718      	bx	r3
100014fe:	0000      	.short	0x0000
10001500:	200001d0 	.word	0x200001d0

10001504 <_out_char>:
10001504:	b510      	push	{r4, lr}
10001506:	2800      	cmp	r0, #0
10001508:	d100      	bne.n	1000150c <_out_char+0x8>
1000150a:	bd10      	pop	{r4, pc}
1000150c:	f000 f90a 	bl	10001724 <__wrap_putchar>
10001510:	e7fb      	b.n	1000150a <_out_char+0x6>
10001512:	46c0      	nop			@ (mov r8, r8)

10001514 <weak_raw_vprintf>:
10001514:	b510      	push	{r4, lr}
10001516:	4a09      	ldr	r2, [pc, #36]	@ (1000153c <weak_raw_vprintf+0x28>)
10001518:	0003      	movs	r3, r0
1000151a:	6814      	ldr	r4, [r2, #0]
1000151c:	b084      	sub	sp, #16
1000151e:	2c00      	cmp	r4, #0
10001520:	d008      	beq.n	10001534 <weak_raw_vprintf+0x20>
10001522:	2201      	movs	r2, #1
10001524:	9100      	str	r1, [sp, #0]
10001526:	4806      	ldr	r0, [pc, #24]	@ (10001540 <weak_raw_vprintf+0x2c>)
10001528:	4252      	negs	r2, r2
1000152a:	a903      	add	r1, sp, #12
1000152c:	47a0      	blx	r4
1000152e:	2001      	movs	r0, #1
10001530:	b004      	add	sp, #16
10001532:	bd10      	pop	{r4, pc}
10001534:	f000 f942 	bl	100017bc <__wrap_puts>
10001538:	2000      	movs	r0, #0
1000153a:	e7f9      	b.n	10001530 <weak_raw_vprintf+0x1c>
1000153c:	2000049c 	.word	0x2000049c
10001540:	10001505 	.word	0x10001505

10001544 <_exit>:
10001544:	be00      	bkpt	0x0000
10001546:	e7fd      	b.n	10001544 <_exit>

10001548 <exit>:
10001548:	b510      	push	{r4, lr}
1000154a:	f7ff fffb 	bl	10001544 <_exit>
1000154e:	46c0      	nop			@ (mov r8, r8)

10001550 <runtime_init>:
10001550:	b570      	push	{r4, r5, r6, lr}
10001552:	f7ff fe11 	bl	10001178 <runtime_run_initializers>
10001556:	4d07      	ldr	r5, [pc, #28]	@ (10001574 <runtime_init+0x24>)
10001558:	4e07      	ldr	r6, [pc, #28]	@ (10001578 <runtime_init+0x28>)
1000155a:	42b5      	cmp	r5, r6
1000155c:	d209      	bcs.n	10001572 <runtime_init+0x22>
1000155e:	2400      	movs	r4, #0
10001560:	3e01      	subs	r6, #1
10001562:	1b76      	subs	r6, r6, r5
10001564:	08b6      	lsrs	r6, r6, #2
10001566:	cd08      	ldmia	r5!, {r3}
10001568:	4798      	blx	r3
1000156a:	0023      	movs	r3, r4
1000156c:	3401      	adds	r4, #1
1000156e:	42b3      	cmp	r3, r6
10001570:	d1f9      	bne.n	10001566 <runtime_init+0x16>
10001572:	bd70      	pop	{r4, r5, r6, pc}
10001574:	100018c4 	.word	0x100018c4
10001578:	100018c8 	.word	0x100018c8

1000157c <stdio_out_chars_no_crlf>:
1000157c:	0003      	movs	r3, r0
1000157e:	b510      	push	{r4, lr}
10001580:	0008      	movs	r0, r1
10001582:	0011      	movs	r1, r2
10001584:	681b      	ldr	r3, [r3, #0]
10001586:	4798      	blx	r3
10001588:	bd10      	pop	{r4, pc}
1000158a:	46c0      	nop			@ (mov r8, r8)

1000158c <stdio_out_chars_crlf>:
1000158c:	b5f0      	push	{r4, r5, r6, r7, lr}
1000158e:	46c6      	mov	lr, r8
10001590:	b500      	push	{lr}
10001592:	7d43      	ldrb	r3, [r0, #21]
10001594:	0007      	movs	r7, r0
10001596:	000d      	movs	r5, r1
10001598:	0016      	movs	r6, r2
1000159a:	2b00      	cmp	r3, #0
1000159c:	d038      	beq.n	10001610 <stdio_out_chars_crlf+0x84>
1000159e:	2a00      	cmp	r2, #0
100015a0:	dd2e      	ble.n	10001600 <stdio_out_chars_crlf+0x74>
100015a2:	2100      	movs	r1, #0
100015a4:	1e6a      	subs	r2, r5, #1
100015a6:	4690      	mov	r8, r2
100015a8:	5c6a      	ldrb	r2, [r5, r1]
100015aa:	7d03      	ldrb	r3, [r0, #20]
100015ac:	1c4c      	adds	r4, r1, #1
100015ae:	2000      	movs	r0, #0
100015b0:	2a0a      	cmp	r2, #10
100015b2:	d00c      	beq.n	100015ce <stdio_out_chars_crlf+0x42>
100015b4:	42a6      	cmp	r6, r4
100015b6:	d016      	beq.n	100015e6 <stdio_out_chars_crlf+0x5a>
100015b8:	4643      	mov	r3, r8
100015ba:	5d1b      	ldrb	r3, [r3, r4]
100015bc:	0021      	movs	r1, r4
100015be:	3b0d      	subs	r3, #13
100015c0:	425a      	negs	r2, r3
100015c2:	4153      	adcs	r3, r2
100015c4:	5c6a      	ldrb	r2, [r5, r1]
100015c6:	b2db      	uxtb	r3, r3
100015c8:	1c4c      	adds	r4, r1, #1
100015ca:	2a0a      	cmp	r2, #10
100015cc:	d1f2      	bne.n	100015b4 <stdio_out_chars_crlf+0x28>
100015ce:	2b00      	cmp	r3, #0
100015d0:	d1f0      	bne.n	100015b4 <stdio_out_chars_crlf+0x28>
100015d2:	4288      	cmp	r0, r1
100015d4:	db17      	blt.n	10001606 <stdio_out_chars_crlf+0x7a>
100015d6:	2102      	movs	r1, #2
100015d8:	4810      	ldr	r0, [pc, #64]	@ (1000161c <stdio_out_chars_crlf+0x90>)
100015da:	683b      	ldr	r3, [r7, #0]
100015dc:	4798      	blx	r3
100015de:	42a6      	cmp	r6, r4
100015e0:	d007      	beq.n	100015f2 <stdio_out_chars_crlf+0x66>
100015e2:	0020      	movs	r0, r4
100015e4:	e7e8      	b.n	100015b8 <stdio_out_chars_crlf+0x2c>
100015e6:	4286      	cmp	r6, r0
100015e8:	dd03      	ble.n	100015f2 <stdio_out_chars_crlf+0x66>
100015ea:	1a31      	subs	r1, r6, r0
100015ec:	683b      	ldr	r3, [r7, #0]
100015ee:	1828      	adds	r0, r5, r0
100015f0:	4798      	blx	r3
100015f2:	19ad      	adds	r5, r5, r6
100015f4:	3d01      	subs	r5, #1
100015f6:	782b      	ldrb	r3, [r5, #0]
100015f8:	3b0d      	subs	r3, #13
100015fa:	425a      	negs	r2, r3
100015fc:	4153      	adcs	r3, r2
100015fe:	753b      	strb	r3, [r7, #20]
10001600:	bc80      	pop	{r7}
10001602:	46b8      	mov	r8, r7
10001604:	bdf0      	pop	{r4, r5, r6, r7, pc}
10001606:	1a09      	subs	r1, r1, r0
10001608:	683b      	ldr	r3, [r7, #0]
1000160a:	1828      	adds	r0, r5, r0
1000160c:	4798      	blx	r3
1000160e:	e7e2      	b.n	100015d6 <stdio_out_chars_crlf+0x4a>
10001610:	6803      	ldr	r3, [r0, #0]
10001612:	0011      	movs	r1, r2
10001614:	0028      	movs	r0, r5
10001616:	4798      	blx	r3
10001618:	e7f2      	b.n	10001600 <stdio_out_chars_crlf+0x74>
1000161a:	46c0      	nop			@ (mov r8, r8)
1000161c:	100019cc 	.word	0x100019cc

10001620 <stdio_put_string>:
10001620:	b5f0      	push	{r4, r5, r6, r7, lr}
10001622:	46de      	mov	lr, fp
10001624:	4657      	mov	r7, sl
10001626:	464e      	mov	r6, r9
10001628:	4645      	mov	r5, r8
1000162a:	b5e0      	push	{r5, r6, r7, lr}
1000162c:	b085      	sub	sp, #20
1000162e:	0017      	movs	r7, r2
10001630:	001c      	movs	r4, r3
10001632:	0006      	movs	r6, r0
10001634:	000d      	movs	r5, r1
10001636:	f7ff fbe9 	bl	10000e0c <time_us_64>
1000163a:	2300      	movs	r3, #0
1000163c:	4a31      	ldr	r2, [pc, #196]	@ (10001704 <stdio_put_string+0xe4>)
1000163e:	1812      	adds	r2, r2, r0
10001640:	414b      	adcs	r3, r1
10001642:	2180      	movs	r1, #128	@ 0x80
10001644:	0609      	lsls	r1, r1, #24
10001646:	428b      	cmp	r3, r1
10001648:	d302      	bcc.n	10001650 <stdio_put_string+0x30>
1000164a:	2201      	movs	r2, #1
1000164c:	4b2e      	ldr	r3, [pc, #184]	@ (10001708 <stdio_put_string+0xe8>)
1000164e:	4252      	negs	r2, r2
10001650:	492e      	ldr	r1, [pc, #184]	@ (1000170c <stdio_put_string+0xec>)
10001652:	0008      	movs	r0, r1
10001654:	468a      	mov	sl, r1
10001656:	f000 f90f 	bl	10001878 <__mutex_try_enter_block_until_veneer>
1000165a:	9001      	str	r0, [sp, #4]
1000165c:	1c6b      	adds	r3, r5, #1
1000165e:	d103      	bne.n	10001668 <stdio_put_string+0x48>
10001660:	0030      	movs	r0, r6
10001662:	f000 f8c9 	bl	100017f8 <strlen>
10001666:	0005      	movs	r5, r0
10001668:	2c00      	cmp	r4, #0
1000166a:	d026      	beq.n	100016ba <stdio_put_string+0x9a>
1000166c:	4b28      	ldr	r3, [pc, #160]	@ (10001710 <stdio_put_string+0xf0>)
1000166e:	4698      	mov	r8, r3
10001670:	4b28      	ldr	r3, [pc, #160]	@ (10001714 <stdio_put_string+0xf4>)
10001672:	681c      	ldr	r4, [r3, #0]
10001674:	2c00      	cmp	r4, #0
10001676:	d015      	beq.n	100016a4 <stdio_put_string+0x84>
10001678:	2f00      	cmp	r7, #0
1000167a:	d121      	bne.n	100016c0 <stdio_put_string+0xa0>
1000167c:	4f26      	ldr	r7, [pc, #152]	@ (10001718 <stdio_put_string+0xf8>)
1000167e:	e002      	b.n	10001686 <stdio_put_string+0x66>
10001680:	6924      	ldr	r4, [r4, #16]
10001682:	2c00      	cmp	r4, #0
10001684:	d00e      	beq.n	100016a4 <stdio_put_string+0x84>
10001686:	6823      	ldr	r3, [r4, #0]
10001688:	2b00      	cmp	r3, #0
1000168a:	d0f9      	beq.n	10001680 <stdio_put_string+0x60>
1000168c:	683b      	ldr	r3, [r7, #0]
1000168e:	2b00      	cmp	r3, #0
10001690:	d001      	beq.n	10001696 <stdio_put_string+0x76>
10001692:	429c      	cmp	r4, r3
10001694:	d1f4      	bne.n	10001680 <stdio_put_string+0x60>
10001696:	0020      	movs	r0, r4
10001698:	002a      	movs	r2, r5
1000169a:	0031      	movs	r1, r6
1000169c:	47c0      	blx	r8
1000169e:	6924      	ldr	r4, [r4, #16]
100016a0:	2c00      	cmp	r4, #0
100016a2:	d1f0      	bne.n	10001686 <stdio_put_string+0x66>
100016a4:	9b01      	ldr	r3, [sp, #4]
100016a6:	2b00      	cmp	r3, #0
100016a8:	d128      	bne.n	100016fc <stdio_put_string+0xdc>
100016aa:	0028      	movs	r0, r5
100016ac:	b005      	add	sp, #20
100016ae:	bcf0      	pop	{r4, r5, r6, r7}
100016b0:	46bb      	mov	fp, r7
100016b2:	46b2      	mov	sl, r6
100016b4:	46a9      	mov	r9, r5
100016b6:	46a0      	mov	r8, r4
100016b8:	bdf0      	pop	{r4, r5, r6, r7, pc}
100016ba:	4b18      	ldr	r3, [pc, #96]	@ (1000171c <stdio_put_string+0xfc>)
100016bc:	4698      	mov	r8, r3
100016be:	e7d7      	b.n	10001670 <stdio_put_string+0x50>
100016c0:	4b15      	ldr	r3, [pc, #84]	@ (10001718 <stdio_put_string+0xf8>)
100016c2:	4699      	mov	r9, r3
100016c4:	ab02      	add	r3, sp, #8
100016c6:	1ddf      	adds	r7, r3, #7
100016c8:	230a      	movs	r3, #10
100016ca:	469b      	mov	fp, r3
100016cc:	e002      	b.n	100016d4 <stdio_put_string+0xb4>
100016ce:	6924      	ldr	r4, [r4, #16]
100016d0:	2c00      	cmp	r4, #0
100016d2:	d0e7      	beq.n	100016a4 <stdio_put_string+0x84>
100016d4:	6823      	ldr	r3, [r4, #0]
100016d6:	2b00      	cmp	r3, #0
100016d8:	d0f9      	beq.n	100016ce <stdio_put_string+0xae>
100016da:	464b      	mov	r3, r9
100016dc:	681b      	ldr	r3, [r3, #0]
100016de:	2b00      	cmp	r3, #0
100016e0:	d001      	beq.n	100016e6 <stdio_put_string+0xc6>
100016e2:	42a3      	cmp	r3, r4
100016e4:	d1f3      	bne.n	100016ce <stdio_put_string+0xae>
100016e6:	002a      	movs	r2, r5
100016e8:	0031      	movs	r1, r6
100016ea:	0020      	movs	r0, r4
100016ec:	47c0      	blx	r8
100016ee:	465b      	mov	r3, fp
100016f0:	2201      	movs	r2, #1
100016f2:	0039      	movs	r1, r7
100016f4:	0020      	movs	r0, r4
100016f6:	703b      	strb	r3, [r7, #0]
100016f8:	47c0      	blx	r8
100016fa:	e7e8      	b.n	100016ce <stdio_put_string+0xae>
100016fc:	4650      	mov	r0, sl
100016fe:	f000 f8ab 	bl	10001858 <__mutex_exit_veneer>
10001702:	e7d2      	b.n	100016aa <stdio_put_string+0x8a>
10001704:	000f4240 	.word	0x000f4240
10001708:	7fffffff 	.word	0x7fffffff
1000170c:	200001e0 	.word	0x200001e0
10001710:	1000158d 	.word	0x1000158d
10001714:	20000494 	.word	0x20000494
10001718:	20000498 	.word	0x20000498
1000171c:	1000157d 	.word	0x1000157d

10001720 <stdio_init_all>:
10001720:	2000      	movs	r0, #0
10001722:	4770      	bx	lr

10001724 <__wrap_putchar>:
10001724:	b5f0      	push	{r4, r5, r6, r7, lr}
10001726:	46ce      	mov	lr, r9
10001728:	4647      	mov	r7, r8
1000172a:	b580      	push	{r7, lr}
1000172c:	b083      	sub	sp, #12
1000172e:	466b      	mov	r3, sp
10001730:	0006      	movs	r6, r0
10001732:	1ddd      	adds	r5, r3, #7
10001734:	7028      	strb	r0, [r5, #0]
10001736:	f7ff fb69 	bl	10000e0c <time_us_64>
1000173a:	2300      	movs	r3, #0
1000173c:	4a1a      	ldr	r2, [pc, #104]	@ (100017a8 <__wrap_putchar+0x84>)
1000173e:	1812      	adds	r2, r2, r0
10001740:	414b      	adcs	r3, r1
10001742:	2180      	movs	r1, #128	@ 0x80
10001744:	0609      	lsls	r1, r1, #24
10001746:	428b      	cmp	r3, r1
10001748:	d302      	bcc.n	10001750 <__wrap_putchar+0x2c>
1000174a:	2201      	movs	r2, #1
1000174c:	4b17      	ldr	r3, [pc, #92]	@ (100017ac <__wrap_putchar+0x88>)
1000174e:	4252      	negs	r2, r2
10001750:	4917      	ldr	r1, [pc, #92]	@ (100017b0 <__wrap_putchar+0x8c>)
10001752:	0008      	movs	r0, r1
10001754:	4688      	mov	r8, r1
10001756:	f000 f88f 	bl	10001878 <__mutex_try_enter_block_until_veneer>
1000175a:	4b16      	ldr	r3, [pc, #88]	@ (100017b4 <__wrap_putchar+0x90>)
1000175c:	4681      	mov	r9, r0
1000175e:	681c      	ldr	r4, [r3, #0]
10001760:	2c00      	cmp	r4, #0
10001762:	d014      	beq.n	1000178e <__wrap_putchar+0x6a>
10001764:	4f14      	ldr	r7, [pc, #80]	@ (100017b8 <__wrap_putchar+0x94>)
10001766:	e002      	b.n	1000176e <__wrap_putchar+0x4a>
10001768:	6924      	ldr	r4, [r4, #16]
1000176a:	2c00      	cmp	r4, #0
1000176c:	d00f      	beq.n	1000178e <__wrap_putchar+0x6a>
1000176e:	6823      	ldr	r3, [r4, #0]
10001770:	2b00      	cmp	r3, #0
10001772:	d0f9      	beq.n	10001768 <__wrap_putchar+0x44>
10001774:	683b      	ldr	r3, [r7, #0]
10001776:	2b00      	cmp	r3, #0
10001778:	d001      	beq.n	1000177e <__wrap_putchar+0x5a>
1000177a:	429c      	cmp	r4, r3
1000177c:	d1f4      	bne.n	10001768 <__wrap_putchar+0x44>
1000177e:	0020      	movs	r0, r4
10001780:	2201      	movs	r2, #1
10001782:	0029      	movs	r1, r5
10001784:	f7ff ff02 	bl	1000158c <stdio_out_chars_crlf>
10001788:	6924      	ldr	r4, [r4, #16]
1000178a:	2c00      	cmp	r4, #0
1000178c:	d1ef      	bne.n	1000176e <__wrap_putchar+0x4a>
1000178e:	464b      	mov	r3, r9
10001790:	2b00      	cmp	r3, #0
10001792:	d105      	bne.n	100017a0 <__wrap_putchar+0x7c>
10001794:	0030      	movs	r0, r6
10001796:	b003      	add	sp, #12
10001798:	bcc0      	pop	{r6, r7}
1000179a:	46b9      	mov	r9, r7
1000179c:	46b0      	mov	r8, r6
1000179e:	bdf0      	pop	{r4, r5, r6, r7, pc}
100017a0:	4640      	mov	r0, r8
100017a2:	f000 f859 	bl	10001858 <__mutex_exit_veneer>
100017a6:	e7f5      	b.n	10001794 <__wrap_putchar+0x70>
100017a8:	000f4240 	.word	0x000f4240
100017ac:	7fffffff 	.word	0x7fffffff
100017b0:	200001e0 	.word	0x200001e0
100017b4:	20000494 	.word	0x20000494
100017b8:	20000498 	.word	0x20000498

100017bc <__wrap_puts>:
100017bc:	b570      	push	{r4, r5, r6, lr}
100017be:	0004      	movs	r4, r0
100017c0:	f000 f81a 	bl	100017f8 <strlen>
100017c4:	2301      	movs	r3, #1
100017c6:	0001      	movs	r1, r0
100017c8:	0005      	movs	r5, r0
100017ca:	2201      	movs	r2, #1
100017cc:	0020      	movs	r0, r4
100017ce:	f7ff ff27 	bl	10001620 <stdio_put_string>
100017d2:	4b08      	ldr	r3, [pc, #32]	@ (100017f4 <__wrap_puts+0x38>)
100017d4:	681c      	ldr	r4, [r3, #0]
100017d6:	2c00      	cmp	r4, #0
100017d8:	d006      	beq.n	100017e8 <__wrap_puts+0x2c>
100017da:	6863      	ldr	r3, [r4, #4]
100017dc:	2b00      	cmp	r3, #0
100017de:	d005      	beq.n	100017ec <__wrap_puts+0x30>
100017e0:	4798      	blx	r3
100017e2:	6924      	ldr	r4, [r4, #16]
100017e4:	2c00      	cmp	r4, #0
100017e6:	d1f8      	bne.n	100017da <__wrap_puts+0x1e>
100017e8:	0028      	movs	r0, r5
100017ea:	bd70      	pop	{r4, r5, r6, pc}
100017ec:	6924      	ldr	r4, [r4, #16]
100017ee:	2c00      	cmp	r4, #0
100017f0:	d1f3      	bne.n	100017da <__wrap_puts+0x1e>
100017f2:	e7f9      	b.n	100017e8 <__wrap_puts+0x2c>
100017f4:	20000494 	.word	0x20000494

100017f8 <strlen>:
100017f8:	b510      	push	{r4, lr}
100017fa:	0783      	lsls	r3, r0, #30
100017fc:	d00a      	beq.n	10001814 <strlen+0x1c>
100017fe:	0003      	movs	r3, r0
10001800:	2103      	movs	r1, #3
10001802:	e002      	b.n	1000180a <strlen+0x12>
10001804:	3301      	adds	r3, #1
10001806:	420b      	tst	r3, r1
10001808:	d005      	beq.n	10001816 <strlen+0x1e>
1000180a:	781a      	ldrb	r2, [r3, #0]
1000180c:	2a00      	cmp	r2, #0
1000180e:	d1f9      	bne.n	10001804 <strlen+0xc>
10001810:	1a18      	subs	r0, r3, r0
10001812:	bd10      	pop	{r4, pc}
10001814:	0003      	movs	r3, r0
10001816:	6819      	ldr	r1, [r3, #0]
10001818:	4a0c      	ldr	r2, [pc, #48]	@ (1000184c <strlen+0x54>)
1000181a:	4c0d      	ldr	r4, [pc, #52]	@ (10001850 <strlen+0x58>)
1000181c:	188a      	adds	r2, r1, r2
1000181e:	438a      	bics	r2, r1
10001820:	4222      	tst	r2, r4
10001822:	d10f      	bne.n	10001844 <strlen+0x4c>
10001824:	6859      	ldr	r1, [r3, #4]
10001826:	4a09      	ldr	r2, [pc, #36]	@ (1000184c <strlen+0x54>)
10001828:	3304      	adds	r3, #4
1000182a:	188a      	adds	r2, r1, r2
1000182c:	438a      	bics	r2, r1
1000182e:	4222      	tst	r2, r4
10001830:	d108      	bne.n	10001844 <strlen+0x4c>
10001832:	6859      	ldr	r1, [r3, #4]
10001834:	4a05      	ldr	r2, [pc, #20]	@ (1000184c <strlen+0x54>)
10001836:	3304      	adds	r3, #4
10001838:	188a      	adds	r2, r1, r2
1000183a:	438a      	bics	r2, r1
1000183c:	4222      	tst	r2, r4
1000183e:	d0f1      	beq.n	10001824 <strlen+0x2c>
10001840:	e000      	b.n	10001844 <strlen+0x4c>
10001842:	3301      	adds	r3, #1
10001844:	781a      	ldrb	r2, [r3, #0]
10001846:	2a00      	cmp	r2, #0
10001848:	d1fb      	bne.n	10001842 <strlen+0x4a>
1000184a:	e7e1      	b.n	10001810 <strlen+0x18>
1000184c:	fefefeff 	.word	0xfefefeff
10001850:	80808080 	.word	0x80808080

10001854 <_fini>:
10001854:	b5f8      	push	{r3, r4, r5, r6, r7, lr}
10001856:	46c0      	nop			@ (mov r8, r8)

10001858 <__mutex_exit_veneer>:
10001858:	b401      	push	{r0}
1000185a:	4802      	ldr	r0, [pc, #8]	@ (10001864 <__mutex_exit_veneer+0xc>)
1000185c:	4684      	mov	ip, r0
1000185e:	bc01      	pop	{r0}
10001860:	4760      	bx	ip
10001862:	bf00      	nop
10001864:	2000015d 	.word	0x2000015d

10001868 <____aeabi_idiv0_veneer>:
10001868:	b401      	push	{r0}
1000186a:	4802      	ldr	r0, [pc, #8]	@ (10001874 <____aeabi_idiv0_veneer+0xc>)
1000186c:	4684      	mov	ip, r0
1000186e:	bc01      	pop	{r0}
10001870:	4760      	bx	ip
10001872:	bf00      	nop
10001874:	20000185 	.word	0x20000185

10001878 <__mutex_try_enter_block_until_veneer>:
10001878:	b401      	push	{r0}
1000187a:	4802      	ldr	r0, [pc, #8]	@ (10001884 <__mutex_try_enter_block_until_veneer+0xc>)
1000187c:	4684      	mov	ip, r0
1000187e:	bc01      	pop	{r0}
10001880:	4760      	bx	ip
10001882:	bf00      	nop
10001884:	200000c1 	.word	0x200000c1

10001888 <__pre_init_runtime_init_early_resets>:
10001888:	100011a1                                ....

1000188c <__pre_init_runtime_init_usb_power_down>:
1000188c:	100011cd 10001319 100014e9 10001381     ................
1000189c:	1000148d                                ....

100018a0 <__pre_init_runtime_init_clocks>:
100018a0:	10001241                                A...

100018a4 <__pre_init_runtime_init_post_clock_resets>:
100018a4:	100011e9                                ....

100018a8 <__pre_init_runtime_init_rp2040_gpio_ie_disable>:
100018a8:	10001209                                ....

100018ac <__pre_init_runtime_init_spin_locks_reset>:
100018ac:	1000121d                                ....

100018b0 <__pre_init_runtime_init_mutex>:
100018b0:	1000067d                                }...

100018b4 <__pre_init_runtime_init_install_ram_vector_table>:
100018b4:	10001225                                %...

100018b8 <__pre_init_runtime_init_default_alarm_pool>:
100018b8:	100009f9                                ....

100018bc <__pre_init_first_per_core_initializer>:
100018bc:	10001169                                i...

100018c0 <__pre_init_runtime_init_per_core_irq_priorities>:
100018c0:	100005d1                                ....

100018c4 <__frame_dummy_init_array_entry>:
100018c4:	100002b1                                ....

Disassembly of section .data:

200000c0 <mutex_try_enter_block_until>:
200000c0:	b5f0      	push	{r4, r5, r6, r7, lr}
200000c2:	46c6      	mov	lr, r8
200000c4:	0015      	movs	r5, r2
200000c6:	b500      	push	{lr}
200000c8:	0004      	movs	r4, r0
200000ca:	001e      	movs	r6, r3
200000cc:	6802      	ldr	r2, [r0, #0]
200000ce:	f3ef 8110 	mrs	r1, PRIMASK
200000d2:	b672      	cpsid	i
200000d4:	6813      	ldr	r3, [r2, #0]
200000d6:	2b00      	cmp	r3, #0
200000d8:	d0fc      	beq.n	200000d4 <mutex_try_enter_block_until+0x14>
200000da:	f3bf 8f5f 	dmb	sy
200000de:	2304      	movs	r3, #4
200000e0:	56e3      	ldrsb	r3, [r4, r3]
200000e2:	2b00      	cmp	r3, #0
200000e4:	db2d      	blt.n	20000142 <mutex_try_enter_block_until+0x82>
200000e6:	6822      	ldr	r2, [r4, #0]
200000e8:	f3bf 8f5f 	dmb	sy
200000ec:	2000      	movs	r0, #0
200000ee:	6010      	str	r0, [r2, #0]
200000f0:	f381 8810 	msr	PRIMASK, r1
200000f4:	22d0      	movs	r2, #208	@ 0xd0
200000f6:	0612      	lsls	r2, r2, #24
200000f8:	7812      	ldrb	r2, [r2, #0]
200000fa:	b252      	sxtb	r2, r2
200000fc:	4690      	mov	r8, r2
200000fe:	429a      	cmp	r2, r3
20000100:	d103      	bne.n	2000010a <mutex_try_enter_block_until+0x4a>
20000102:	2000      	movs	r0, #0
20000104:	bc80      	pop	{r7}
20000106:	46b8      	mov	r8, r7
20000108:	bdf0      	pop	{r4, r5, r6, r7, pc}
2000010a:	2700      	movs	r7, #0
2000010c:	e00b      	b.n	20000126 <mutex_try_enter_block_until+0x66>
2000010e:	6823      	ldr	r3, [r4, #0]
20000110:	f3bf 8f5f 	dmb	sy
20000114:	601f      	str	r7, [r3, #0]
20000116:	f381 8810 	msr	PRIMASK, r1
2000011a:	0028      	movs	r0, r5
2000011c:	0031      	movs	r1, r6
2000011e:	f000 f833 	bl	20000188 <__best_effort_wfe_or_timeout_veneer>
20000122:	2800      	cmp	r0, #0
20000124:	d1ed      	bne.n	20000102 <mutex_try_enter_block_until+0x42>
20000126:	6822      	ldr	r2, [r4, #0]
20000128:	f3ef 8110 	mrs	r1, PRIMASK
2000012c:	b672      	cpsid	i
2000012e:	6813      	ldr	r3, [r2, #0]
20000130:	2b00      	cmp	r3, #0
20000132:	d0fc      	beq.n	2000012e <mutex_try_enter_block_until+0x6e>
20000134:	f3bf 8f5f 	dmb	sy
20000138:	7923      	ldrb	r3, [r4, #4]
2000013a:	2b7f      	cmp	r3, #127	@ 0x7f
2000013c:	d9e7      	bls.n	2000010e <mutex_try_enter_block_until+0x4e>
2000013e:	4643      	mov	r3, r8
20000140:	e002      	b.n	20000148 <mutex_try_enter_block_until+0x88>
20000142:	23d0      	movs	r3, #208	@ 0xd0
20000144:	061b      	lsls	r3, r3, #24
20000146:	681b      	ldr	r3, [r3, #0]
20000148:	7123      	strb	r3, [r4, #4]
2000014a:	6823      	ldr	r3, [r4, #0]
2000014c:	f3bf 8f5f 	dmb	sy
20000150:	2200      	movs	r2, #0
20000152:	601a      	str	r2, [r3, #0]
20000154:	f381 8810 	msr	PRIMASK, r1
20000158:	2001      	movs	r0, #1
2000015a:	e7d3      	b.n	20000104 <mutex_try_enter_block_until+0x44>

2000015c <mutex_exit>:
2000015c:	6802      	ldr	r2, [r0, #0]
2000015e:	f3ef 8110 	mrs	r1, PRIMASK
20000162:	b672      	cpsid	i
20000164:	6813      	ldr	r3, [r2, #0]
20000166:	2b00      	cmp	r3, #0
20000168:	d0fc      	beq.n	20000164 <mutex_exit+0x8>
2000016a:	f3bf 8f5f 	dmb	sy
2000016e:	23ff      	movs	r3, #255	@ 0xff
20000170:	7103      	strb	r3, [r0, #4]
20000172:	6803      	ldr	r3, [r0, #0]
20000174:	f3bf 8f5f 	dmb	sy
20000178:	2200      	movs	r2, #0
2000017a:	601a      	str	r2, [r3, #0]
2000017c:	f381 8810 	msr	PRIMASK, r1
20000180:	bf40      	sev
20000182:	4770      	bx	lr

20000184 <__aeabi_idiv0>:
20000184:	4770      	bx	lr
20000186:	46c0      	nop			@ (mov r8, r8)

20000188 <__best_effort_wfe_or_timeout_veneer>:
20000188:	b401      	push	{r0}
2000018a:	4802      	ldr	r0, [pc, #8]	@ (20000194 <__best_effort_wfe_or_timeout_veneer+0xc>)
2000018c:	4684      	mov	ip, r0
2000018e:	bc01      	pop	{r0}
20000190:	4760      	bx	ip
20000192:	bf00      	nop
20000194:	10000d09 	.word	0x10000d09

20000198 <striped_spin_lock_num>:
20000198:	00000010                                ....

2000019c <default_alarm_pool>:
	...
200001b0:	200001e8 00000000 00000000 00000000     ... ............

200001c0 <aeabi_bits_funcs>:
200001c0:	00003350 	.word	0x00003350
200001c4:	0000334c 	.word	0x0000334c
200001c8:	00003354 	.word	0x00003354
200001cc:	00003352 	.word	0x00003352

200001d0 <aeabi_bits_funcs_end>:
200001d0:	0000534d 	.word	0x0000534d
200001d4:	0000434d 	.word	0x0000434d
200001d8:	00003453 	.word	0x00003453
200001dc:	00003443 	.word	0x00003443

200001e0 <print_mutex>:
	...
